LENGHT,NUMBEROFSAMPLES,ROC_AUC_SCORE,LearningRate,BatchSize,DatasetName,MemberFunction,LossFunction
1,157.0,0.6374900079936052,0.0001,1024,sepsis_cases_1,Gauss,CrossEntropy
2,157.0,0.6414868105515588,0.0001,1024,sepsis_cases_1,Gauss,CrossEntropy
3,157.0,0.640687450039968,0.0001,1024,sepsis_cases_1,Gauss,CrossEntropy
4,157.0,0.6203037569944045,0.0001,1024,sepsis_cases_1,Gauss,CrossEntropy
5,157.0,0.6294964028776978,0.0001,1024,sepsis_cases_1,Gauss,CrossEntropy
6,157.0,0.6290967226219024,0.0001,1024,sepsis_cases_1,Gauss,CrossEntropy
7,157.0,0.6598721023181455,0.0001,1024,sepsis_cases_1,Gauss,CrossEntropy
8,157.0,0.6590727418065548,0.0001,1024,sepsis_cases_1,Gauss,CrossEntropy
9,154.0,0.656454248366013,0.0001,1024,sepsis_cases_1,Gauss,CrossEntropy
10,152.0,0.6525704809286899,0.0001,1024,sepsis_cases_1,Gauss,CrossEntropy
11,141.0,0.6705,0.0001,1024,sepsis_cases_1,Gauss,CrossEntropy
12,129.0,0.6459627329192548,0.0001,1024,sepsis_cases_1,Gauss,CrossEntropy
13,109.0,0.6898989898989899,0.0001,1024,sepsis_cases_1,Gauss,CrossEntropy
14,90.0,0.6890243902439024,0.0001,1024,sepsis_cases_1,Gauss,CrossEntropy
15,78.0,0.6964285714285713,0.0001,1024,sepsis_cases_1,Gauss,CrossEntropy
16,60.0,0.617283950617284,0.0001,1024,sepsis_cases_1,Gauss,CrossEntropy
17,49.0,0.6,0.0001,1024,sepsis_cases_1,Gauss,CrossEntropy
18,38.0,0.1527777777777778,0.0001,1024,sepsis_cases_1,Gauss,CrossEntropy
19,36.0,0.1617647058823529,0.0001,1024,sepsis_cases_1,Gauss,CrossEntropy
20,32.0,0.1499999999999999,0.0001,1024,sepsis_cases_1,Gauss,CrossEntropy
21,28.0,0.1346153846153845,0.0001,1024,sepsis_cases_1,Gauss,CrossEntropy
22,24.0,0.159090909090909,0.0001,1024,sepsis_cases_1,Gauss,CrossEntropy
23,21.0,0.1842105263157895,0.0001,1024,sepsis_cases_1,Gauss,CrossEntropy
24,19.0,0.2058823529411764,0.0001,1024,sepsis_cases_1,Gauss,CrossEntropy
25,17.0,0.2,0.0001,1024,sepsis_cases_1,Gauss,CrossEntropy
26,16.0,0.2142857142857142,0.0001,1024,sepsis_cases_1,Gauss,CrossEntropy
27,16.0,0.2142857142857142,0.0001,1024,sepsis_cases_1,Gauss,CrossEntropy
28,15.0,0.1923076923076923,0.0001,1024,sepsis_cases_1,Gauss,CrossEntropy
29,13.0,0.1363636363636363,0.0001,1024,sepsis_cases_1,Gauss,CrossEntropy
1,157.0,0.6338928856914469,0.0001,2048,sepsis_cases_1,Gauss,CrossEntropy
2,157.0,0.639488409272582,0.0001,2048,sepsis_cases_1,Gauss,CrossEntropy
3,157.0,0.6338928856914469,0.0001,2048,sepsis_cases_1,Gauss,CrossEntropy
4,157.0,0.6239008792965629,0.0001,2048,sepsis_cases_1,Gauss,CrossEntropy
5,157.0,0.6310951239008793,0.0001,2048,sepsis_cases_1,Gauss,CrossEntropy
6,157.0,0.6223021582733814,0.0001,2048,sepsis_cases_1,Gauss,CrossEntropy
7,157.0,0.6534772182254197,0.0001,2048,sepsis_cases_1,Gauss,CrossEntropy
8,157.0,0.6530775379696242,0.0001,2048,sepsis_cases_1,Gauss,CrossEntropy
9,154.0,0.6531862745098039,0.0001,2048,sepsis_cases_1,Gauss,CrossEntropy
10,152.0,0.6529850746268656,0.0001,2048,sepsis_cases_1,Gauss,CrossEntropy
11,141.0,0.6855,0.0001,2048,sepsis_cases_1,Gauss,CrossEntropy
12,129.0,0.6521739130434783,0.0001,2048,sepsis_cases_1,Gauss,CrossEntropy
13,109.0,0.695959595959596,0.0001,2048,sepsis_cases_1,Gauss,CrossEntropy
14,90.0,0.6981707317073172,0.0001,2048,sepsis_cases_1,Gauss,CrossEntropy
15,78.0,0.7035714285714286,0.0001,2048,sepsis_cases_1,Gauss,CrossEntropy
16,60.0,0.6265432098765432,0.0001,2048,sepsis_cases_1,Gauss,CrossEntropy
17,49.0,0.6000000000000001,0.0001,2048,sepsis_cases_1,Gauss,CrossEntropy
18,38.0,0.125,0.0001,2048,sepsis_cases_1,Gauss,CrossEntropy
19,36.0,0.1323529411764706,0.0001,2048,sepsis_cases_1,Gauss,CrossEntropy
20,32.0,0.1333333333333333,0.0001,2048,sepsis_cases_1,Gauss,CrossEntropy
21,28.0,0.1153846153846153,0.0001,2048,sepsis_cases_1,Gauss,CrossEntropy
22,24.0,0.1136363636363635,0.0001,2048,sepsis_cases_1,Gauss,CrossEntropy
23,21.0,0.1578947368421053,0.0001,2048,sepsis_cases_1,Gauss,CrossEntropy
24,19.0,0.1764705882352941,0.0001,2048,sepsis_cases_1,Gauss,CrossEntropy
25,17.0,0.1666666666666666,0.0001,2048,sepsis_cases_1,Gauss,CrossEntropy
26,16.0,0.1785714285714285,0.0001,2048,sepsis_cases_1,Gauss,CrossEntropy
27,16.0,0.1785714285714285,0.0001,2048,sepsis_cases_1,Gauss,CrossEntropy
28,15.0,0.1538461538461538,0.0001,2048,sepsis_cases_1,Gauss,CrossEntropy
29,13.0,0.0909090909090908,0.0001,2048,sepsis_cases_1,Gauss,CrossEntropy
1,157.0,0.6123101518784971,0.0001,256,sepsis_cases_1,Gauss,CrossEntropy
2,157.0,0.6294964028776978,0.0001,256,sepsis_cases_1,Gauss,CrossEntropy
3,157.0,0.6195043964828137,0.0001,256,sepsis_cases_1,Gauss,CrossEntropy
4,157.0,0.6019184652278178,0.0001,256,sepsis_cases_1,Gauss,CrossEntropy
5,157.0,0.6083133493205435,0.0001,256,sepsis_cases_1,Gauss,CrossEntropy
6,157.0,0.6099120703437251,0.0001,256,sepsis_cases_1,Gauss,CrossEntropy
7,157.0,0.6394884092725819,0.0001,256,sepsis_cases_1,Gauss,CrossEntropy
8,157.0,0.6404876099120703,0.0001,256,sepsis_cases_1,Gauss,CrossEntropy
9,154.0,0.6348039215686275,0.0001,256,sepsis_cases_1,Gauss,CrossEntropy
10,152.0,0.6314262023217247,0.0001,256,sepsis_cases_1,Gauss,CrossEntropy
11,141.0,0.646,0.0001,256,sepsis_cases_1,Gauss,CrossEntropy
12,129.0,0.6403726708074534,0.0001,256,sepsis_cases_1,Gauss,CrossEntropy
13,109.0,0.6848484848484848,0.0001,256,sepsis_cases_1,Gauss,CrossEntropy
14,90.0,0.6966463414634148,0.0001,256,sepsis_cases_1,Gauss,CrossEntropy
15,78.0,0.6964285714285714,0.0001,256,sepsis_cases_1,Gauss,CrossEntropy
16,60.0,0.6111111111111112,0.0001,256,sepsis_cases_1,Gauss,CrossEntropy
17,49.0,0.5772727272727273,0.0001,256,sepsis_cases_1,Gauss,CrossEntropy
18,38.0,0.1666666666666666,0.0001,256,sepsis_cases_1,Gauss,CrossEntropy
19,36.0,0.1764705882352941,0.0001,256,sepsis_cases_1,Gauss,CrossEntropy
20,32.0,0.1666666666666666,0.0001,256,sepsis_cases_1,Gauss,CrossEntropy
21,28.0,0.1346153846153845,0.0001,256,sepsis_cases_1,Gauss,CrossEntropy
22,24.0,0.159090909090909,0.0001,256,sepsis_cases_1,Gauss,CrossEntropy
23,21.0,0.1842105263157895,0.0001,256,sepsis_cases_1,Gauss,CrossEntropy
24,19.0,0.2058823529411764,0.0001,256,sepsis_cases_1,Gauss,CrossEntropy
25,17.0,0.2,0.0001,256,sepsis_cases_1,Gauss,CrossEntropy
26,16.0,0.2142857142857142,0.0001,256,sepsis_cases_1,Gauss,CrossEntropy
27,16.0,0.2142857142857142,0.0001,256,sepsis_cases_1,Gauss,CrossEntropy
28,15.0,0.1923076923076923,0.0001,256,sepsis_cases_1,Gauss,CrossEntropy
29,13.0,0.1363636363636363,0.0001,256,sepsis_cases_1,Gauss,CrossEntropy
1,157.0,0.6422861710631494,0.0001,512,sepsis_cases_1,Gauss,CrossEntropy
2,157.0,0.6518784972022382,0.0001,512,sepsis_cases_1,Gauss,CrossEntropy
3,157.0,0.6438848920863308,0.0001,512,sepsis_cases_1,Gauss,CrossEntropy
4,157.0,0.6215027977617906,0.0001,512,sepsis_cases_1,Gauss,CrossEntropy
5,157.0,0.6243005595523582,0.0001,512,sepsis_cases_1,Gauss,CrossEntropy
6,157.0,0.6266986410871302,0.0001,512,sepsis_cases_1,Gauss,CrossEntropy
7,157.0,0.6578737010391686,0.0001,512,sepsis_cases_1,Gauss,CrossEntropy
8,157.0,0.6586730615507594,0.0001,512,sepsis_cases_1,Gauss,CrossEntropy
9,154.0,0.6556372549019608,0.0001,512,sepsis_cases_1,Gauss,CrossEntropy
10,152.0,0.6509121061359867,0.0001,512,sepsis_cases_1,Gauss,CrossEntropy
11,141.0,0.6679999999999999,0.0001,512,sepsis_cases_1,Gauss,CrossEntropy
12,129.0,0.6658385093167701,0.0001,512,sepsis_cases_1,Gauss,CrossEntropy
13,109.0,0.7020202020202021,0.0001,512,sepsis_cases_1,Gauss,CrossEntropy
14,90.0,0.7027439024390243,0.0001,512,sepsis_cases_1,Gauss,CrossEntropy
15,78.0,0.7017857142857143,0.0001,512,sepsis_cases_1,Gauss,CrossEntropy
16,60.0,0.6234567901234568,0.0001,512,sepsis_cases_1,Gauss,CrossEntropy
17,49.0,0.5863636363636363,0.0001,512,sepsis_cases_1,Gauss,CrossEntropy
18,38.0,0.1527777777777778,0.0001,512,sepsis_cases_1,Gauss,CrossEntropy
19,36.0,0.1617647058823529,0.0001,512,sepsis_cases_1,Gauss,CrossEntropy
20,32.0,0.1499999999999999,0.0001,512,sepsis_cases_1,Gauss,CrossEntropy
21,28.0,0.1346153846153845,0.0001,512,sepsis_cases_1,Gauss,CrossEntropy
22,24.0,0.159090909090909,0.0001,512,sepsis_cases_1,Gauss,CrossEntropy
23,21.0,0.1842105263157895,0.0001,512,sepsis_cases_1,Gauss,CrossEntropy
24,19.0,0.2058823529411764,0.0001,512,sepsis_cases_1,Gauss,CrossEntropy
25,17.0,0.2,0.0001,512,sepsis_cases_1,Gauss,CrossEntropy
26,16.0,0.2142857142857142,0.0001,512,sepsis_cases_1,Gauss,CrossEntropy
27,16.0,0.2142857142857142,0.0001,512,sepsis_cases_1,Gauss,CrossEntropy
28,15.0,0.1923076923076923,0.0001,512,sepsis_cases_1,Gauss,CrossEntropy
29,13.0,0.1363636363636363,0.0001,512,sepsis_cases_1,Gauss,CrossEntropy
1,157.0,0.5287769784172662,0.0005,1024,sepsis_cases_1,Gauss,CrossEntropy
2,157.0,0.5291766586730615,0.0005,1024,sepsis_cases_1,Gauss,CrossEntropy
3,157.0,0.526378896882494,0.0005,1024,sepsis_cases_1,Gauss,CrossEntropy
4,157.0,0.5155875299760192,0.0005,1024,sepsis_cases_1,Gauss,CrossEntropy
5,157.0,0.5291766586730615,0.0005,1024,sepsis_cases_1,Gauss,CrossEntropy
6,157.0,0.5255795363709033,0.0005,1024,sepsis_cases_1,Gauss,CrossEntropy
7,157.0,0.552757793764988,0.0005,1024,sepsis_cases_1,Gauss,CrossEntropy
8,157.0,0.5539568345323741,0.0005,1024,sepsis_cases_1,Gauss,CrossEntropy
9,154.0,0.5502450980392157,0.0005,1024,sepsis_cases_1,Gauss,CrossEntropy
10,152.0,0.5476782752902155,0.0005,1024,sepsis_cases_1,Gauss,CrossEntropy
11,141.0,0.5955,0.0005,1024,sepsis_cases_1,Gauss,CrossEntropy
12,129.0,0.5559006211180124,0.0005,1024,sepsis_cases_1,Gauss,CrossEntropy
13,109.0,0.6191919191919191,0.0005,1024,sepsis_cases_1,Gauss,CrossEntropy
14,90.0,0.6204268292682927,0.0005,1024,sepsis_cases_1,Gauss,CrossEntropy
15,78.0,0.6357142857142857,0.0005,1024,sepsis_cases_1,Gauss,CrossEntropy
16,60.0,0.5679012345679013,0.0005,1024,sepsis_cases_1,Gauss,CrossEntropy
17,49.0,0.5272727272727273,0.0005,1024,sepsis_cases_1,Gauss,CrossEntropy
18,38.0,0.2222222222222222,0.0005,1024,sepsis_cases_1,Gauss,CrossEntropy
19,36.0,0.25,0.0005,1024,sepsis_cases_1,Gauss,CrossEntropy
20,32.0,0.2333333333333333,0.0005,1024,sepsis_cases_1,Gauss,CrossEntropy
21,28.0,0.25,0.0005,1024,sepsis_cases_1,Gauss,CrossEntropy
22,24.0,0.2272727272727273,0.0005,1024,sepsis_cases_1,Gauss,CrossEntropy
23,21.0,0.2894736842105263,0.0005,1024,sepsis_cases_1,Gauss,CrossEntropy
24,19.0,0.3235294117647059,0.0005,1024,sepsis_cases_1,Gauss,CrossEntropy
25,17.0,0.3,0.0005,1024,sepsis_cases_1,Gauss,CrossEntropy
26,16.0,0.25,0.0005,1024,sepsis_cases_1,Gauss,CrossEntropy
27,16.0,0.25,0.0005,1024,sepsis_cases_1,Gauss,CrossEntropy
28,15.0,0.2307692307692307,0.0005,1024,sepsis_cases_1,Gauss,CrossEntropy
29,13.0,0.1818181818181818,0.0005,1024,sepsis_cases_1,Gauss,CrossEntropy
1,157.0,0.5431654676258992,0.0005,2048,sepsis_cases_1,Gauss,CrossEntropy
2,157.0,0.5475619504396483,0.0005,2048,sepsis_cases_1,Gauss,CrossEntropy
3,157.0,0.5411670663469225,0.0005,2048,sepsis_cases_1,Gauss,CrossEntropy
4,157.0,0.5343725019984014,0.0005,2048,sepsis_cases_1,Gauss,CrossEntropy
5,157.0,0.5459632294164668,0.0005,2048,sepsis_cases_1,Gauss,CrossEntropy
6,157.0,0.5443645083932853,0.0005,2048,sepsis_cases_1,Gauss,CrossEntropy
7,157.0,0.5687450039968025,0.0005,2048,sepsis_cases_1,Gauss,CrossEntropy
8,157.0,0.5683453237410072,0.0005,2048,sepsis_cases_1,Gauss,CrossEntropy
9,154.0,0.5665849673202614,0.0005,2048,sepsis_cases_1,Gauss,CrossEntropy
10,152.0,0.5613598673300165,0.0005,2048,sepsis_cases_1,Gauss,CrossEntropy
11,141.0,0.617,0.0005,2048,sepsis_cases_1,Gauss,CrossEntropy
12,129.0,0.5782608695652174,0.0005,2048,sepsis_cases_1,Gauss,CrossEntropy
13,109.0,0.6353535353535353,0.0005,2048,sepsis_cases_1,Gauss,CrossEntropy
14,90.0,0.6356707317073171,0.0005,2048,sepsis_cases_1,Gauss,CrossEntropy
15,78.0,0.6499999999999999,0.0005,2048,sepsis_cases_1,Gauss,CrossEntropy
16,60.0,0.5771604938271605,0.0005,2048,sepsis_cases_1,Gauss,CrossEntropy
17,49.0,0.5363636363636364,0.0005,2048,sepsis_cases_1,Gauss,CrossEntropy
18,38.0,0.2083333333333333,0.0005,2048,sepsis_cases_1,Gauss,CrossEntropy
19,36.0,0.2352941176470588,0.0005,2048,sepsis_cases_1,Gauss,CrossEntropy
20,32.0,0.2333333333333333,0.0005,2048,sepsis_cases_1,Gauss,CrossEntropy
21,28.0,0.2307692307692307,0.0005,2048,sepsis_cases_1,Gauss,CrossEntropy
22,24.0,0.25,0.0005,2048,sepsis_cases_1,Gauss,CrossEntropy
23,21.0,0.2894736842105263,0.0005,2048,sepsis_cases_1,Gauss,CrossEntropy
24,19.0,0.3235294117647059,0.0005,2048,sepsis_cases_1,Gauss,CrossEntropy
25,17.0,0.3,0.0005,2048,sepsis_cases_1,Gauss,CrossEntropy
26,16.0,0.25,0.0005,2048,sepsis_cases_1,Gauss,CrossEntropy
27,16.0,0.25,0.0005,2048,sepsis_cases_1,Gauss,CrossEntropy
28,15.0,0.2307692307692307,0.0005,2048,sepsis_cases_1,Gauss,CrossEntropy
29,13.0,0.1818181818181818,0.0005,2048,sepsis_cases_1,Gauss,CrossEntropy
1,157.0,0.3880895283772981,0.0005,256,sepsis_cases_1,Gauss,CrossEntropy
2,157.0,0.3772981614708233,0.0005,256,sepsis_cases_1,Gauss,CrossEntropy
3,157.0,0.3864908073541167,0.0005,256,sepsis_cases_1,Gauss,CrossEntropy
4,157.0,0.3848920863309352,0.0005,256,sepsis_cases_1,Gauss,CrossEntropy
5,157.0,0.3932853717026379,0.0005,256,sepsis_cases_1,Gauss,CrossEntropy
6,157.0,0.3968824940047962,0.0005,256,sepsis_cases_1,Gauss,CrossEntropy
7,157.0,0.4260591526778577,0.0005,256,sepsis_cases_1,Gauss,CrossEntropy
8,157.0,0.429656274980016,0.0005,256,sepsis_cases_1,Gauss,CrossEntropy
9,154.0,0.4281045751633986,0.0005,256,sepsis_cases_1,Gauss,CrossEntropy
10,152.0,0.4220563847429519,0.0005,256,sepsis_cases_1,Gauss,CrossEntropy
11,141.0,0.4345,0.0005,256,sepsis_cases_1,Gauss,CrossEntropy
12,129.0,0.3875776397515528,0.0005,256,sepsis_cases_1,Gauss,CrossEntropy
13,109.0,0.4636363636363636,0.0005,256,sepsis_cases_1,Gauss,CrossEntropy
14,90.0,0.4695121951219513,0.0005,256,sepsis_cases_1,Gauss,CrossEntropy
15,78.0,0.4785714285714285,0.0005,256,sepsis_cases_1,Gauss,CrossEntropy
16,60.0,0.4691358024691358,0.0005,256,sepsis_cases_1,Gauss,CrossEntropy
17,49.0,0.4,0.0005,256,sepsis_cases_1,Gauss,CrossEntropy
18,38.0,0.1666666666666666,0.0005,256,sepsis_cases_1,Gauss,CrossEntropy
19,36.0,0.1617647058823529,0.0005,256,sepsis_cases_1,Gauss,CrossEntropy
20,32.0,0.1499999999999999,0.0005,256,sepsis_cases_1,Gauss,CrossEntropy
21,28.0,0.1538461538461538,0.0005,256,sepsis_cases_1,Gauss,CrossEntropy
22,24.0,0.2045454545454545,0.0005,256,sepsis_cases_1,Gauss,CrossEntropy
23,21.0,0.1842105263157895,0.0005,256,sepsis_cases_1,Gauss,CrossEntropy
24,19.0,0.2058823529411764,0.0005,256,sepsis_cases_1,Gauss,CrossEntropy
25,17.0,0.1666666666666666,0.0005,256,sepsis_cases_1,Gauss,CrossEntropy
26,16.0,0.1071428571428571,0.0005,256,sepsis_cases_1,Gauss,CrossEntropy
27,16.0,0.1071428571428571,0.0005,256,sepsis_cases_1,Gauss,CrossEntropy
28,15.0,0.0769230769230769,0.0005,256,sepsis_cases_1,Gauss,CrossEntropy
29,13.0,0.0454545454545454,0.0005,256,sepsis_cases_1,Gauss,CrossEntropy
1,157.0,0.4888089528377298,0.0005,512,sepsis_cases_1,Gauss,CrossEntropy
2,157.0,0.4888089528377298,0.0005,512,sepsis_cases_1,Gauss,CrossEntropy
3,157.0,0.4916067146282973,0.0005,512,sepsis_cases_1,Gauss,CrossEntropy
4,157.0,0.4852118305355715,0.0005,512,sepsis_cases_1,Gauss,CrossEntropy
5,157.0,0.5011990407673861,0.0005,512,sepsis_cases_1,Gauss,CrossEntropy
6,157.0,0.5043964828137489,0.0005,512,sepsis_cases_1,Gauss,CrossEntropy
7,157.0,0.5279776179056754,0.0005,512,sepsis_cases_1,Gauss,CrossEntropy
8,157.0,0.5271782573940847,0.0005,512,sepsis_cases_1,Gauss,CrossEntropy
9,154.0,0.5245098039215687,0.0005,512,sepsis_cases_1,Gauss,CrossEntropy
10,152.0,0.5199004975124377,0.0005,512,sepsis_cases_1,Gauss,CrossEntropy
11,141.0,0.5740000000000001,0.0005,512,sepsis_cases_1,Gauss,CrossEntropy
12,129.0,0.5366459627329192,0.0005,512,sepsis_cases_1,Gauss,CrossEntropy
13,109.0,0.604040404040404,0.0005,512,sepsis_cases_1,Gauss,CrossEntropy
14,90.0,0.6036585365853658,0.0005,512,sepsis_cases_1,Gauss,CrossEntropy
15,78.0,0.6160714285714286,0.0005,512,sepsis_cases_1,Gauss,CrossEntropy
16,60.0,0.5462962962962963,0.0005,512,sepsis_cases_1,Gauss,CrossEntropy
17,49.0,0.5136363636363637,0.0005,512,sepsis_cases_1,Gauss,CrossEntropy
18,38.0,0.2222222222222222,0.0005,512,sepsis_cases_1,Gauss,CrossEntropy
19,36.0,0.25,0.0005,512,sepsis_cases_1,Gauss,CrossEntropy
20,32.0,0.2333333333333333,0.0005,512,sepsis_cases_1,Gauss,CrossEntropy
21,28.0,0.2307692307692307,0.0005,512,sepsis_cases_1,Gauss,CrossEntropy
22,24.0,0.2272727272727273,0.0005,512,sepsis_cases_1,Gauss,CrossEntropy
23,21.0,0.2631578947368421,0.0005,512,sepsis_cases_1,Gauss,CrossEntropy
24,19.0,0.2941176470588235,0.0005,512,sepsis_cases_1,Gauss,CrossEntropy
25,17.0,0.3,0.0005,512,sepsis_cases_1,Gauss,CrossEntropy
26,16.0,0.25,0.0005,512,sepsis_cases_1,Gauss,CrossEntropy
27,16.0,0.25,0.0005,512,sepsis_cases_1,Gauss,CrossEntropy
28,15.0,0.2307692307692307,0.0005,512,sepsis_cases_1,Gauss,CrossEntropy
29,13.0,0.1818181818181818,0.0005,512,sepsis_cases_1,Gauss,CrossEntropy
1,157.0,0.4616306954436451,0.001,1024,sepsis_cases_1,Gauss,CrossEntropy
2,157.0,0.4640287769784172,0.001,1024,sepsis_cases_1,Gauss,CrossEntropy
3,157.0,0.4672262190247802,0.001,1024,sepsis_cases_1,Gauss,CrossEntropy
4,157.0,0.4576338928856914,0.001,1024,sepsis_cases_1,Gauss,CrossEntropy
5,157.0,0.4708233413269384,0.001,1024,sepsis_cases_1,Gauss,CrossEntropy
6,157.0,0.4712230215827339,0.001,1024,sepsis_cases_1,Gauss,CrossEntropy
7,157.0,0.4952038369304556,0.001,1024,sepsis_cases_1,Gauss,CrossEntropy
8,157.0,0.4960031974420463,0.001,1024,sepsis_cases_1,Gauss,CrossEntropy
9,154.0,0.4946895424836602,0.001,1024,sepsis_cases_1,Gauss,CrossEntropy
10,152.0,0.4925373134328358,0.001,1024,sepsis_cases_1,Gauss,CrossEntropy
11,141.0,0.5489999999999999,0.001,1024,sepsis_cases_1,Gauss,CrossEntropy
12,129.0,0.5062111801242236,0.001,1024,sepsis_cases_1,Gauss,CrossEntropy
13,109.0,0.5767676767676767,0.001,1024,sepsis_cases_1,Gauss,CrossEntropy
14,90.0,0.5655487804878049,0.001,1024,sepsis_cases_1,Gauss,CrossEntropy
15,78.0,0.5803571428571428,0.001,1024,sepsis_cases_1,Gauss,CrossEntropy
16,60.0,0.5432098765432098,0.001,1024,sepsis_cases_1,Gauss,CrossEntropy
17,49.0,0.509090909090909,0.001,1024,sepsis_cases_1,Gauss,CrossEntropy
18,38.0,0.2361111111111111,0.001,1024,sepsis_cases_1,Gauss,CrossEntropy
19,36.0,0.25,0.001,1024,sepsis_cases_1,Gauss,CrossEntropy
20,32.0,0.2166666666666666,0.001,1024,sepsis_cases_1,Gauss,CrossEntropy
21,28.0,0.2115384615384615,0.001,1024,sepsis_cases_1,Gauss,CrossEntropy
22,24.0,0.2045454545454545,0.001,1024,sepsis_cases_1,Gauss,CrossEntropy
23,21.0,0.2368421052631579,0.001,1024,sepsis_cases_1,Gauss,CrossEntropy
24,19.0,0.2647058823529412,0.001,1024,sepsis_cases_1,Gauss,CrossEntropy
25,17.0,0.3,0.001,1024,sepsis_cases_1,Gauss,CrossEntropy
26,16.0,0.25,0.001,1024,sepsis_cases_1,Gauss,CrossEntropy
27,16.0,0.25,0.001,1024,sepsis_cases_1,Gauss,CrossEntropy
28,15.0,0.2307692307692307,0.001,1024,sepsis_cases_1,Gauss,CrossEntropy
29,13.0,0.1818181818181818,0.001,1024,sepsis_cases_1,Gauss,CrossEntropy
1,157.0,0.504396482813749,0.001,2048,sepsis_cases_1,Gauss,CrossEntropy
2,157.0,0.5055955235811351,0.001,2048,sepsis_cases_1,Gauss,CrossEntropy
3,157.0,0.5047961630695443,0.001,2048,sepsis_cases_1,Gauss,CrossEntropy
4,157.0,0.4944044764188649,0.001,2048,sepsis_cases_1,Gauss,CrossEntropy
5,157.0,0.5075939248601119,0.001,2048,sepsis_cases_1,Gauss,CrossEntropy
6,157.0,0.5059952038369304,0.001,2048,sepsis_cases_1,Gauss,CrossEntropy
7,157.0,0.5323741007194245,0.001,2048,sepsis_cases_1,Gauss,CrossEntropy
8,157.0,0.530775379696243,0.001,2048,sepsis_cases_1,Gauss,CrossEntropy
9,154.0,0.5277777777777778,0.001,2048,sepsis_cases_1,Gauss,CrossEntropy
10,152.0,0.5240464344941957,0.001,2048,sepsis_cases_1,Gauss,CrossEntropy
11,141.0,0.5815,0.001,2048,sepsis_cases_1,Gauss,CrossEntropy
12,129.0,0.5403726708074534,0.001,2048,sepsis_cases_1,Gauss,CrossEntropy
13,109.0,0.611111111111111,0.001,2048,sepsis_cases_1,Gauss,CrossEntropy
14,90.0,0.6051829268292683,0.001,2048,sepsis_cases_1,Gauss,CrossEntropy
15,78.0,0.6214285714285714,0.001,2048,sepsis_cases_1,Gauss,CrossEntropy
16,60.0,0.5648148148148149,0.001,2048,sepsis_cases_1,Gauss,CrossEntropy
17,49.0,0.5227272727272727,0.001,2048,sepsis_cases_1,Gauss,CrossEntropy
18,38.0,0.2361111111111111,0.001,2048,sepsis_cases_1,Gauss,CrossEntropy
19,36.0,0.2647058823529412,0.001,2048,sepsis_cases_1,Gauss,CrossEntropy
20,32.0,0.25,0.001,2048,sepsis_cases_1,Gauss,CrossEntropy
21,28.0,0.25,0.001,2048,sepsis_cases_1,Gauss,CrossEntropy
22,24.0,0.25,0.001,2048,sepsis_cases_1,Gauss,CrossEntropy
23,21.0,0.2894736842105263,0.001,2048,sepsis_cases_1,Gauss,CrossEntropy
24,19.0,0.3235294117647059,0.001,2048,sepsis_cases_1,Gauss,CrossEntropy
25,17.0,0.3,0.001,2048,sepsis_cases_1,Gauss,CrossEntropy
26,16.0,0.25,0.001,2048,sepsis_cases_1,Gauss,CrossEntropy
27,16.0,0.25,0.001,2048,sepsis_cases_1,Gauss,CrossEntropy
28,15.0,0.2307692307692307,0.001,2048,sepsis_cases_1,Gauss,CrossEntropy
29,13.0,0.1818181818181818,0.001,2048,sepsis_cases_1,Gauss,CrossEntropy
1,157.0,0.3677058353317345,0.001,256,sepsis_cases_1,Gauss,CrossEntropy
2,157.0,0.3661071143085531,0.001,256,sepsis_cases_1,Gauss,CrossEntropy
3,157.0,0.3772981614708233,0.001,256,sepsis_cases_1,Gauss,CrossEntropy
4,157.0,0.360511590727418,0.001,256,sepsis_cases_1,Gauss,CrossEntropy
5,157.0,0.3577138289368505,0.001,256,sepsis_cases_1,Gauss,CrossEntropy
6,157.0,0.3669064748201439,0.001,256,sepsis_cases_1,Gauss,CrossEntropy
7,157.0,0.3984812150279776,0.001,256,sepsis_cases_1,Gauss,CrossEntropy
8,157.0,0.3968824940047961,0.001,256,sepsis_cases_1,Gauss,CrossEntropy
9,154.0,0.3925653594771242,0.001,256,sepsis_cases_1,Gauss,CrossEntropy
10,152.0,0.3880597014925372,0.001,256,sepsis_cases_1,Gauss,CrossEntropy
11,141.0,0.4015,0.001,256,sepsis_cases_1,Gauss,CrossEntropy
12,129.0,0.346583850931677,0.001,256,sepsis_cases_1,Gauss,CrossEntropy
13,109.0,0.4292929292929293,0.001,256,sepsis_cases_1,Gauss,CrossEntropy
14,90.0,0.4070121951219512,0.001,256,sepsis_cases_1,Gauss,CrossEntropy
15,78.0,0.4160714285714285,0.001,256,sepsis_cases_1,Gauss,CrossEntropy
16,60.0,0.3827160493827161,0.001,256,sepsis_cases_1,Gauss,CrossEntropy
17,49.0,0.3681818181818181,0.001,256,sepsis_cases_1,Gauss,CrossEntropy
18,38.0,0.1666666666666666,0.001,256,sepsis_cases_1,Gauss,CrossEntropy
19,36.0,0.1617647058823529,0.001,256,sepsis_cases_1,Gauss,CrossEntropy
20,32.0,0.1499999999999999,0.001,256,sepsis_cases_1,Gauss,CrossEntropy
21,28.0,0.1538461538461538,0.001,256,sepsis_cases_1,Gauss,CrossEntropy
22,24.0,0.1363636363636363,0.001,256,sepsis_cases_1,Gauss,CrossEntropy
23,21.0,0.1052631578947368,0.001,256,sepsis_cases_1,Gauss,CrossEntropy
24,19.0,0.1176470588235294,0.001,256,sepsis_cases_1,Gauss,CrossEntropy
25,17.0,0.1333333333333333,0.001,256,sepsis_cases_1,Gauss,CrossEntropy
26,16.0,0.0714285714285714,0.001,256,sepsis_cases_1,Gauss,CrossEntropy
27,16.0,0.0714285714285714,0.001,256,sepsis_cases_1,Gauss,CrossEntropy
28,15.0,0.0769230769230768,0.001,256,sepsis_cases_1,Gauss,CrossEntropy
29,13.0,0.0,0.001,256,sepsis_cases_1,Gauss,CrossEntropy
1,157.0,0.4272581934452438,0.001,512,sepsis_cases_1,Gauss,CrossEntropy
2,157.0,0.4264588329336531,0.001,512,sepsis_cases_1,Gauss,CrossEntropy
3,157.0,0.4372501998401279,0.001,512,sepsis_cases_1,Gauss,CrossEntropy
4,157.0,0.4184652278177458,0.001,512,sepsis_cases_1,Gauss,CrossEntropy
5,157.0,0.4188649080735411,0.001,512,sepsis_cases_1,Gauss,CrossEntropy
6,157.0,0.4200639488409272,0.001,512,sepsis_cases_1,Gauss,CrossEntropy
7,157.0,0.4444444444444445,0.001,512,sepsis_cases_1,Gauss,CrossEntropy
8,157.0,0.4456434852118305,0.001,512,sepsis_cases_1,Gauss,CrossEntropy
9,154.0,0.4428104575163399,0.001,512,sepsis_cases_1,Gauss,CrossEntropy
10,152.0,0.4386401326699834,0.001,512,sepsis_cases_1,Gauss,CrossEntropy
11,141.0,0.4835,0.001,512,sepsis_cases_1,Gauss,CrossEntropy
12,129.0,0.4304347826086956,0.001,512,sepsis_cases_1,Gauss,CrossEntropy
13,109.0,0.5131313131313131,0.001,512,sepsis_cases_1,Gauss,CrossEntropy
14,90.0,0.4939024390243902,0.001,512,sepsis_cases_1,Gauss,CrossEntropy
15,78.0,0.5089285714285714,0.001,512,sepsis_cases_1,Gauss,CrossEntropy
16,60.0,0.5123456790123457,0.001,512,sepsis_cases_1,Gauss,CrossEntropy
17,49.0,0.4727272727272727,0.001,512,sepsis_cases_1,Gauss,CrossEntropy
18,38.0,0.2222222222222222,0.001,512,sepsis_cases_1,Gauss,CrossEntropy
19,36.0,0.2352941176470588,0.001,512,sepsis_cases_1,Gauss,CrossEntropy
20,32.0,0.2,0.001,512,sepsis_cases_1,Gauss,CrossEntropy
21,28.0,0.1923076923076923,0.001,512,sepsis_cases_1,Gauss,CrossEntropy
22,24.0,0.1818181818181818,0.001,512,sepsis_cases_1,Gauss,CrossEntropy
23,21.0,0.1842105263157895,0.001,512,sepsis_cases_1,Gauss,CrossEntropy
24,19.0,0.2058823529411764,0.001,512,sepsis_cases_1,Gauss,CrossEntropy
25,17.0,0.2,0.001,512,sepsis_cases_1,Gauss,CrossEntropy
26,16.0,0.1428571428571428,0.001,512,sepsis_cases_1,Gauss,CrossEntropy
27,16.0,0.1428571428571428,0.001,512,sepsis_cases_1,Gauss,CrossEntropy
28,15.0,0.1538461538461538,0.001,512,sepsis_cases_1,Gauss,CrossEntropy
29,13.0,0.0909090909090908,0.001,512,sepsis_cases_1,Gauss,CrossEntropy
1,157.0,0.364908073541167,0.01,1024,sepsis_cases_1,Gauss,CrossEntropy
2,157.0,0.3497202238209432,0.01,1024,sepsis_cases_1,Gauss,CrossEntropy
3,157.0,0.3441247002398081,0.01,1024,sepsis_cases_1,Gauss,CrossEntropy
4,157.0,0.3333333333333333,0.01,1024,sepsis_cases_1,Gauss,CrossEntropy
5,157.0,0.3437250199840128,0.01,1024,sepsis_cases_1,Gauss,CrossEntropy
6,157.0,0.3477218225419664,0.01,1024,sepsis_cases_1,Gauss,CrossEntropy
7,157.0,0.3764988009592326,0.01,1024,sepsis_cases_1,Gauss,CrossEntropy
8,157.0,0.3792965627498001,0.01,1024,sepsis_cases_1,Gauss,CrossEntropy
9,154.0,0.3794934640522875,0.01,1024,sepsis_cases_1,Gauss,CrossEntropy
10,152.0,0.3735489220563847,0.01,1024,sepsis_cases_1,Gauss,CrossEntropy
11,141.0,0.377,0.01,1024,sepsis_cases_1,Gauss,CrossEntropy
12,129.0,0.3248447204968944,0.01,1024,sepsis_cases_1,Gauss,CrossEntropy
13,109.0,0.3686868686868686,0.01,1024,sepsis_cases_1,Gauss,CrossEntropy
14,90.0,0.3795731707317073,0.01,1024,sepsis_cases_1,Gauss,CrossEntropy
15,78.0,0.3803571428571428,0.01,1024,sepsis_cases_1,Gauss,CrossEntropy
16,60.0,0.345679012345679,0.01,1024,sepsis_cases_1,Gauss,CrossEntropy
17,49.0,0.3863636363636363,0.01,1024,sepsis_cases_1,Gauss,CrossEntropy
18,38.0,0.2361111111111111,0.01,1024,sepsis_cases_1,Gauss,CrossEntropy
19,36.0,0.2205882352941177,0.01,1024,sepsis_cases_1,Gauss,CrossEntropy
20,32.0,0.2166666666666666,0.01,1024,sepsis_cases_1,Gauss,CrossEntropy
21,28.0,0.2307692307692307,0.01,1024,sepsis_cases_1,Gauss,CrossEntropy
22,24.0,0.1818181818181817,0.01,1024,sepsis_cases_1,Gauss,CrossEntropy
23,21.0,0.1578947368421053,0.01,1024,sepsis_cases_1,Gauss,CrossEntropy
24,19.0,0.1764705882352941,0.01,1024,sepsis_cases_1,Gauss,CrossEntropy
25,17.0,0.1999999999999999,0.01,1024,sepsis_cases_1,Gauss,CrossEntropy
26,16.0,0.1428571428571429,0.01,1024,sepsis_cases_1,Gauss,CrossEntropy
27,16.0,0.1428571428571429,0.01,1024,sepsis_cases_1,Gauss,CrossEntropy
28,15.0,0.1538461538461538,0.01,1024,sepsis_cases_1,Gauss,CrossEntropy
29,13.0,0.0909090909090909,0.01,1024,sepsis_cases_1,Gauss,CrossEntropy
1,157.0,0.3537170263788969,0.01,2048,sepsis_cases_1,Gauss,CrossEntropy
2,157.0,0.3453237410071942,0.01,2048,sepsis_cases_1,Gauss,CrossEntropy
3,157.0,0.3401278976818545,0.01,2048,sepsis_cases_1,Gauss,CrossEntropy
4,157.0,0.3333333333333333,0.01,2048,sepsis_cases_1,Gauss,CrossEntropy
5,157.0,0.3329336530775379,0.01,2048,sepsis_cases_1,Gauss,CrossEntropy
6,157.0,0.3329336530775379,0.01,2048,sepsis_cases_1,Gauss,CrossEntropy
7,157.0,0.3625099920063949,0.01,2048,sepsis_cases_1,Gauss,CrossEntropy
8,157.0,0.3669064748201439,0.01,2048,sepsis_cases_1,Gauss,CrossEntropy
9,154.0,0.3656045751633987,0.01,2048,sepsis_cases_1,Gauss,CrossEntropy
10,152.0,0.3611111111111111,0.01,2048,sepsis_cases_1,Gauss,CrossEntropy
11,141.0,0.3689999999999999,0.01,2048,sepsis_cases_1,Gauss,CrossEntropy
12,129.0,0.3254658385093167,0.01,2048,sepsis_cases_1,Gauss,CrossEntropy
13,109.0,0.3929292929292929,0.01,2048,sepsis_cases_1,Gauss,CrossEntropy
14,90.0,0.3658536585365854,0.01,2048,sepsis_cases_1,Gauss,CrossEntropy
15,78.0,0.3785714285714285,0.01,2048,sepsis_cases_1,Gauss,CrossEntropy
16,60.0,0.3364197530864197,0.01,2048,sepsis_cases_1,Gauss,CrossEntropy
17,49.0,0.3409090909090909,0.01,2048,sepsis_cases_1,Gauss,CrossEntropy
18,38.0,0.2222222222222222,0.01,2048,sepsis_cases_1,Gauss,CrossEntropy
19,36.0,0.2058823529411764,0.01,2048,sepsis_cases_1,Gauss,CrossEntropy
20,32.0,0.1833333333333333,0.01,2048,sepsis_cases_1,Gauss,CrossEntropy
21,28.0,0.173076923076923,0.01,2048,sepsis_cases_1,Gauss,CrossEntropy
22,24.0,0.1363636363636363,0.01,2048,sepsis_cases_1,Gauss,CrossEntropy
23,21.0,0.1052631578947368,0.01,2048,sepsis_cases_1,Gauss,CrossEntropy
24,19.0,0.1176470588235294,0.01,2048,sepsis_cases_1,Gauss,CrossEntropy
25,17.0,0.1333333333333333,0.01,2048,sepsis_cases_1,Gauss,CrossEntropy
26,16.0,0.0714285714285714,0.01,2048,sepsis_cases_1,Gauss,CrossEntropy
27,16.0,0.0714285714285714,0.01,2048,sepsis_cases_1,Gauss,CrossEntropy
28,15.0,0.0769230769230769,0.01,2048,sepsis_cases_1,Gauss,CrossEntropy
29,13.0,0.0,0.01,2048,sepsis_cases_1,Gauss,CrossEntropy
1,157.0,0.4464428457234212,0.01,256,sepsis_cases_1,Gauss,CrossEntropy
2,157.0,0.4184652278177458,0.01,256,sepsis_cases_1,Gauss,CrossEntropy
3,157.0,0.4152677857713828,0.01,256,sepsis_cases_1,Gauss,CrossEntropy
4,157.0,0.3872901678657074,0.01,256,sepsis_cases_1,Gauss,CrossEntropy
5,157.0,0.3776978417266187,0.01,256,sepsis_cases_1,Gauss,CrossEntropy
6,157.0,0.3848920863309352,0.01,256,sepsis_cases_1,Gauss,CrossEntropy
7,157.0,0.4056754596322942,0.01,256,sepsis_cases_1,Gauss,CrossEntropy
8,157.0,0.4060751398880896,0.01,256,sepsis_cases_1,Gauss,CrossEntropy
9,154.0,0.4044117647058823,0.01,256,sepsis_cases_1,Gauss,CrossEntropy
10,152.0,0.402155887230514,0.01,256,sepsis_cases_1,Gauss,CrossEntropy
11,141.0,0.4155,0.01,256,sepsis_cases_1,Gauss,CrossEntropy
12,129.0,0.3633540372670807,0.01,256,sepsis_cases_1,Gauss,CrossEntropy
13,109.0,0.3898989898989899,0.01,256,sepsis_cases_1,Gauss,CrossEntropy
14,90.0,0.4039634146341463,0.01,256,sepsis_cases_1,Gauss,CrossEntropy
15,78.0,0.3946428571428572,0.01,256,sepsis_cases_1,Gauss,CrossEntropy
16,60.0,0.3549382716049383,0.01,256,sepsis_cases_1,Gauss,CrossEntropy
17,49.0,0.3863636363636363,0.01,256,sepsis_cases_1,Gauss,CrossEntropy
18,38.0,0.1666666666666666,0.01,256,sepsis_cases_1,Gauss,CrossEntropy
19,36.0,0.1470588235294118,0.01,256,sepsis_cases_1,Gauss,CrossEntropy
20,32.0,0.1666666666666666,0.01,256,sepsis_cases_1,Gauss,CrossEntropy
21,28.0,0.1923076923076923,0.01,256,sepsis_cases_1,Gauss,CrossEntropy
22,24.0,0.1363636363636363,0.01,256,sepsis_cases_1,Gauss,CrossEntropy
23,21.0,0.1052631578947368,0.01,256,sepsis_cases_1,Gauss,CrossEntropy
24,19.0,0.1176470588235294,0.01,256,sepsis_cases_1,Gauss,CrossEntropy
25,17.0,0.1333333333333333,0.01,256,sepsis_cases_1,Gauss,CrossEntropy
26,16.0,0.1428571428571429,0.01,256,sepsis_cases_1,Gauss,CrossEntropy
27,16.0,0.1428571428571429,0.01,256,sepsis_cases_1,Gauss,CrossEntropy
28,15.0,0.1538461538461538,0.01,256,sepsis_cases_1,Gauss,CrossEntropy
29,13.0,0.0909090909090909,0.01,256,sepsis_cases_1,Gauss,CrossEntropy
1,157.0,0.4352517985611511,0.01,512,sepsis_cases_1,Gauss,CrossEntropy
2,157.0,0.416466826538769,0.01,512,sepsis_cases_1,Gauss,CrossEntropy
3,157.0,0.4152677857713828,0.01,512,sepsis_cases_1,Gauss,CrossEntropy
4,157.0,0.3940847322142286,0.01,512,sepsis_cases_1,Gauss,CrossEntropy
5,157.0,0.3848920863309353,0.01,512,sepsis_cases_1,Gauss,CrossEntropy
6,157.0,0.3880895283772981,0.01,512,sepsis_cases_1,Gauss,CrossEntropy
7,157.0,0.4104716227018385,0.01,512,sepsis_cases_1,Gauss,CrossEntropy
8,157.0,0.4100719424460431,0.01,512,sepsis_cases_1,Gauss,CrossEntropy
9,154.0,0.4093137254901961,0.01,512,sepsis_cases_1,Gauss,CrossEntropy
10,152.0,0.4087893864013266,0.01,512,sepsis_cases_1,Gauss,CrossEntropy
11,141.0,0.4245,0.01,512,sepsis_cases_1,Gauss,CrossEntropy
12,129.0,0.3695652173913043,0.01,512,sepsis_cases_1,Gauss,CrossEntropy
13,109.0,0.404040404040404,0.01,512,sepsis_cases_1,Gauss,CrossEntropy
14,90.0,0.4237804878048781,0.01,512,sepsis_cases_1,Gauss,CrossEntropy
15,78.0,0.4125,0.01,512,sepsis_cases_1,Gauss,CrossEntropy
16,60.0,0.3919753086419753,0.01,512,sepsis_cases_1,Gauss,CrossEntropy
17,49.0,0.4454545454545454,0.01,512,sepsis_cases_1,Gauss,CrossEntropy
18,38.0,0.2638888888888889,0.01,512,sepsis_cases_1,Gauss,CrossEntropy
19,36.0,0.25,0.01,512,sepsis_cases_1,Gauss,CrossEntropy
20,32.0,0.2166666666666666,0.01,512,sepsis_cases_1,Gauss,CrossEntropy
21,28.0,0.2115384615384615,0.01,512,sepsis_cases_1,Gauss,CrossEntropy
22,24.0,0.1818181818181818,0.01,512,sepsis_cases_1,Gauss,CrossEntropy
23,21.0,0.1578947368421052,0.01,512,sepsis_cases_1,Gauss,CrossEntropy
24,19.0,0.1764705882352941,0.01,512,sepsis_cases_1,Gauss,CrossEntropy
25,17.0,0.2,0.01,512,sepsis_cases_1,Gauss,CrossEntropy
26,16.0,0.1785714285714286,0.01,512,sepsis_cases_1,Gauss,CrossEntropy
27,16.0,0.1785714285714286,0.01,512,sepsis_cases_1,Gauss,CrossEntropy
28,15.0,0.1923076923076923,0.01,512,sepsis_cases_1,Gauss,CrossEntropy
29,13.0,0.0909090909090909,0.01,512,sepsis_cases_1,Gauss,CrossEntropy
1,157.0,0.619904076738609,1e-05,1024,sepsis_cases_1,Gauss,CrossEntropy
2,157.0,0.6370903277378097,1e-05,1024,sepsis_cases_1,Gauss,CrossEntropy
3,157.0,0.6342925659472423,1e-05,1024,sepsis_cases_1,Gauss,CrossEntropy
4,157.0,0.6195043964828137,1e-05,1024,sepsis_cases_1,Gauss,CrossEntropy
5,157.0,0.6258992805755396,1e-05,1024,sepsis_cases_1,Gauss,CrossEntropy
6,157.0,0.6280975219824141,1e-05,1024,sepsis_cases_1,Gauss,CrossEntropy
7,157.0,0.6606714628297363,1e-05,1024,sepsis_cases_1,Gauss,CrossEntropy
8,157.0,0.6590727418065547,1e-05,1024,sepsis_cases_1,Gauss,CrossEntropy
9,154.0,0.6564542483660132,1e-05,1024,sepsis_cases_1,Gauss,CrossEntropy
10,152.0,0.6550580431177446,1e-05,1024,sepsis_cases_1,Gauss,CrossEntropy
11,141.0,0.669,1e-05,1024,sepsis_cases_1,Gauss,CrossEntropy
12,129.0,0.6527950310559006,1e-05,1024,sepsis_cases_1,Gauss,CrossEntropy
13,109.0,0.6979797979797979,1e-05,1024,sepsis_cases_1,Gauss,CrossEntropy
14,90.0,0.7149390243902439,1e-05,1024,sepsis_cases_1,Gauss,CrossEntropy
15,78.0,0.7178571428571427,1e-05,1024,sepsis_cases_1,Gauss,CrossEntropy
16,60.0,0.6296296296296297,1e-05,1024,sepsis_cases_1,Gauss,CrossEntropy
17,49.0,0.5954545454545455,1e-05,1024,sepsis_cases_1,Gauss,CrossEntropy
18,38.0,0.125,1e-05,1024,sepsis_cases_1,Gauss,CrossEntropy
19,36.0,0.1470588235294118,1e-05,1024,sepsis_cases_1,Gauss,CrossEntropy
20,32.0,0.1333333333333333,1e-05,1024,sepsis_cases_1,Gauss,CrossEntropy
21,28.0,0.1153846153846153,1e-05,1024,sepsis_cases_1,Gauss,CrossEntropy
22,24.0,0.1363636363636363,1e-05,1024,sepsis_cases_1,Gauss,CrossEntropy
23,21.0,0.1578947368421053,1e-05,1024,sepsis_cases_1,Gauss,CrossEntropy
24,19.0,0.1764705882352941,1e-05,1024,sepsis_cases_1,Gauss,CrossEntropy
25,17.0,0.1666666666666666,1e-05,1024,sepsis_cases_1,Gauss,CrossEntropy
26,16.0,0.1785714285714285,1e-05,1024,sepsis_cases_1,Gauss,CrossEntropy
27,16.0,0.2142857142857143,1e-05,1024,sepsis_cases_1,Gauss,CrossEntropy
28,15.0,0.1538461538461538,1e-05,1024,sepsis_cases_1,Gauss,CrossEntropy
29,13.0,0.0681818181818181,1e-05,1024,sepsis_cases_1,Gauss,CrossEntropy
1,157.0,0.6546762589928057,1e-05,2048,sepsis_cases_1,Gauss,CrossEntropy
2,157.0,0.6766586730615508,1e-05,2048,sepsis_cases_1,Gauss,CrossEntropy
3,157.0,0.6666666666666666,1e-05,2048,sepsis_cases_1,Gauss,CrossEntropy
4,157.0,0.6530775379696243,1e-05,2048,sepsis_cases_1,Gauss,CrossEntropy
5,157.0,0.6556754596322942,1e-05,2048,sepsis_cases_1,Gauss,CrossEntropy
6,157.0,0.6478816946442846,1e-05,2048,sepsis_cases_1,Gauss,CrossEntropy
7,157.0,0.6834532374100719,1e-05,2048,sepsis_cases_1,Gauss,CrossEntropy
8,157.0,0.6814548361310951,1e-05,2048,sepsis_cases_1,Gauss,CrossEntropy
9,154.0,0.6772875816993464,1e-05,2048,sepsis_cases_1,Gauss,CrossEntropy
10,152.0,0.6747512437810945,1e-05,2048,sepsis_cases_1,Gauss,CrossEntropy
11,141.0,0.6920000000000001,1e-05,2048,sepsis_cases_1,Gauss,CrossEntropy
12,129.0,0.6614906832298135,1e-05,2048,sepsis_cases_1,Gauss,CrossEntropy
13,109.0,0.6919191919191919,1e-05,2048,sepsis_cases_1,Gauss,CrossEntropy
14,90.0,0.7057926829268293,1e-05,2048,sepsis_cases_1,Gauss,CrossEntropy
15,78.0,0.7071428571428572,1e-05,2048,sepsis_cases_1,Gauss,CrossEntropy
16,60.0,0.6203703703703703,1e-05,2048,sepsis_cases_1,Gauss,CrossEntropy
17,49.0,0.5818181818181818,1e-05,2048,sepsis_cases_1,Gauss,CrossEntropy
18,38.0,0.0694444444444444,1e-05,2048,sepsis_cases_1,Gauss,CrossEntropy
19,36.0,0.0735294117647059,1e-05,2048,sepsis_cases_1,Gauss,CrossEntropy
20,32.0,0.0666666666666666,1e-05,2048,sepsis_cases_1,Gauss,CrossEntropy
21,28.0,0.0769230769230769,1e-05,2048,sepsis_cases_1,Gauss,CrossEntropy
22,24.0,0.0909090909090908,1e-05,2048,sepsis_cases_1,Gauss,CrossEntropy
23,21.0,0.1052631578947368,1e-05,2048,sepsis_cases_1,Gauss,CrossEntropy
24,19.0,0.1176470588235294,1e-05,2048,sepsis_cases_1,Gauss,CrossEntropy
25,17.0,0.1666666666666666,1e-05,2048,sepsis_cases_1,Gauss,CrossEntropy
26,16.0,0.1785714285714286,1e-05,2048,sepsis_cases_1,Gauss,CrossEntropy
27,16.0,0.1785714285714286,1e-05,2048,sepsis_cases_1,Gauss,CrossEntropy
28,15.0,0.1538461538461538,1e-05,2048,sepsis_cases_1,Gauss,CrossEntropy
29,13.0,0.0909090909090909,1e-05,2048,sepsis_cases_1,Gauss,CrossEntropy
1,157.0,0.5819344524380495,1e-05,256,sepsis_cases_1,Gauss,CrossEntropy
2,157.0,0.60431654676259,1e-05,256,sepsis_cases_1,Gauss,CrossEntropy
3,157.0,0.5943245403677058,1e-05,256,sepsis_cases_1,Gauss,CrossEntropy
4,157.0,0.5945243804956035,1e-05,256,sepsis_cases_1,Gauss,CrossEntropy
5,157.0,0.5939248601119105,1e-05,256,sepsis_cases_1,Gauss,CrossEntropy
6,157.0,0.5963229416466826,1e-05,256,sepsis_cases_1,Gauss,CrossEntropy
7,157.0,0.6322941646682654,1e-05,256,sepsis_cases_1,Gauss,CrossEntropy
8,157.0,0.6354916067146282,1e-05,256,sepsis_cases_1,Gauss,CrossEntropy
9,154.0,0.6315359477124183,1e-05,256,sepsis_cases_1,Gauss,CrossEntropy
10,152.0,0.6281094527363184,1e-05,256,sepsis_cases_1,Gauss,CrossEntropy
11,141.0,0.6275000000000001,1e-05,256,sepsis_cases_1,Gauss,CrossEntropy
12,129.0,0.6341614906832299,1e-05,256,sepsis_cases_1,Gauss,CrossEntropy
13,109.0,0.6838383838383838,1e-05,256,sepsis_cases_1,Gauss,CrossEntropy
14,90.0,0.6920731707317074,1e-05,256,sepsis_cases_1,Gauss,CrossEntropy
15,78.0,0.6946428571428571,1e-05,256,sepsis_cases_1,Gauss,CrossEntropy
16,60.0,0.5771604938271605,1e-05,256,sepsis_cases_1,Gauss,CrossEntropy
17,49.0,0.5454545454545454,1e-05,256,sepsis_cases_1,Gauss,CrossEntropy
18,38.0,0.2222222222222222,1e-05,256,sepsis_cases_1,Gauss,CrossEntropy
19,36.0,0.2352941176470588,1e-05,256,sepsis_cases_1,Gauss,CrossEntropy
20,32.0,0.25,1e-05,256,sepsis_cases_1,Gauss,CrossEntropy
21,28.0,0.2307692307692307,1e-05,256,sepsis_cases_1,Gauss,CrossEntropy
22,24.0,0.2272727272727273,1e-05,256,sepsis_cases_1,Gauss,CrossEntropy
23,21.0,0.2631578947368421,1e-05,256,sepsis_cases_1,Gauss,CrossEntropy
24,19.0,0.2941176470588235,1e-05,256,sepsis_cases_1,Gauss,CrossEntropy
25,17.0,0.2666666666666667,1e-05,256,sepsis_cases_1,Gauss,CrossEntropy
26,16.0,0.2857142857142857,1e-05,256,sepsis_cases_1,Gauss,CrossEntropy
27,16.0,0.2857142857142857,1e-05,256,sepsis_cases_1,Gauss,CrossEntropy
28,15.0,0.2307692307692307,1e-05,256,sepsis_cases_1,Gauss,CrossEntropy
29,13.0,0.1818181818181817,1e-05,256,sepsis_cases_1,Gauss,CrossEntropy
1,157.0,0.605515587529976,1e-05,512,sepsis_cases_1,Gauss,CrossEntropy
2,157.0,0.6258992805755396,1e-05,512,sepsis_cases_1,Gauss,CrossEntropy
3,157.0,0.6171063149480416,1e-05,512,sepsis_cases_1,Gauss,CrossEntropy
4,157.0,0.6019184652278177,1e-05,512,sepsis_cases_1,Gauss,CrossEntropy
5,157.0,0.6103117505995204,1e-05,512,sepsis_cases_1,Gauss,CrossEntropy
6,157.0,0.6131095123900879,1e-05,512,sepsis_cases_1,Gauss,CrossEntropy
7,157.0,0.645083932853717,1e-05,512,sepsis_cases_1,Gauss,CrossEntropy
8,157.0,0.6454836131095124,1e-05,512,sepsis_cases_1,Gauss,CrossEntropy
9,154.0,0.6413398692810457,1e-05,512,sepsis_cases_1,Gauss,CrossEntropy
10,152.0,0.6393034825870647,1e-05,512,sepsis_cases_1,Gauss,CrossEntropy
11,141.0,0.651,1e-05,512,sepsis_cases_1,Gauss,CrossEntropy
12,129.0,0.6531055900621119,1e-05,512,sepsis_cases_1,Gauss,CrossEntropy
13,109.0,0.6939393939393939,1e-05,512,sepsis_cases_1,Gauss,CrossEntropy
14,90.0,0.6935975609756098,1e-05,512,sepsis_cases_1,Gauss,CrossEntropy
15,78.0,0.6946428571428572,1e-05,512,sepsis_cases_1,Gauss,CrossEntropy
16,60.0,0.5925925925925926,1e-05,512,sepsis_cases_1,Gauss,CrossEntropy
17,49.0,0.55,1e-05,512,sepsis_cases_1,Gauss,CrossEntropy
18,38.0,0.1527777777777778,1e-05,512,sepsis_cases_1,Gauss,CrossEntropy
19,36.0,0.1617647058823529,1e-05,512,sepsis_cases_1,Gauss,CrossEntropy
20,32.0,0.1499999999999999,1e-05,512,sepsis_cases_1,Gauss,CrossEntropy
21,28.0,0.1153846153846153,1e-05,512,sepsis_cases_1,Gauss,CrossEntropy
22,24.0,0.1363636363636363,1e-05,512,sepsis_cases_1,Gauss,CrossEntropy
23,21.0,0.1842105263157895,1e-05,512,sepsis_cases_1,Gauss,CrossEntropy
24,19.0,0.2058823529411764,1e-05,512,sepsis_cases_1,Gauss,CrossEntropy
25,17.0,0.2,1e-05,512,sepsis_cases_1,Gauss,CrossEntropy
26,16.0,0.25,1e-05,512,sepsis_cases_1,Gauss,CrossEntropy
27,16.0,0.2857142857142857,1e-05,512,sepsis_cases_1,Gauss,CrossEntropy
28,15.0,0.2307692307692307,1e-05,512,sepsis_cases_1,Gauss,CrossEntropy
29,13.0,0.1818181818181817,1e-05,512,sepsis_cases_1,Gauss,CrossEntropy
1,157.0,0.6366906474820144,8.878741925407075e-05,1024,sepsis_cases_1,Gauss,CrossEntropy
2,157.0,0.6414868105515588,8.878741925407075e-05,1024,sepsis_cases_1,Gauss,CrossEntropy
3,157.0,0.6410871302957635,8.878741925407075e-05,1024,sepsis_cases_1,Gauss,CrossEntropy
4,157.0,0.6205035971223022,8.878741925407075e-05,1024,sepsis_cases_1,Gauss,CrossEntropy
5,157.0,0.6258992805755396,8.878741925407075e-05,1024,sepsis_cases_1,Gauss,CrossEntropy
6,157.0,0.6258992805755396,8.878741925407075e-05,1024,sepsis_cases_1,Gauss,CrossEntropy
7,157.0,0.6566746602717826,8.878741925407075e-05,1024,sepsis_cases_1,Gauss,CrossEntropy
8,157.0,0.6566746602717826,8.878741925407075e-05,1024,sepsis_cases_1,Gauss,CrossEntropy
9,154.0,0.6556372549019608,8.878741925407075e-05,1024,sepsis_cases_1,Gauss,CrossEntropy
10,152.0,0.6525704809286899,8.878741925407075e-05,1024,sepsis_cases_1,Gauss,CrossEntropy
11,141.0,0.6675,8.878741925407075e-05,1024,sepsis_cases_1,Gauss,CrossEntropy
12,129.0,0.6484472049689441,8.878741925407075e-05,1024,sepsis_cases_1,Gauss,CrossEntropy
13,109.0,0.6919191919191919,8.878741925407075e-05,1024,sepsis_cases_1,Gauss,CrossEntropy
14,90.0,0.6905487804878049,8.878741925407075e-05,1024,sepsis_cases_1,Gauss,CrossEntropy
15,78.0,0.6964285714285713,8.878741925407075e-05,1024,sepsis_cases_1,Gauss,CrossEntropy
16,60.0,0.617283950617284,8.878741925407075e-05,1024,sepsis_cases_1,Gauss,CrossEntropy
17,49.0,0.6,8.878741925407075e-05,1024,sepsis_cases_1,Gauss,CrossEntropy
18,38.0,0.1527777777777778,8.878741925407075e-05,1024,sepsis_cases_1,Gauss,CrossEntropy
19,36.0,0.1617647058823529,8.878741925407075e-05,1024,sepsis_cases_1,Gauss,CrossEntropy
20,32.0,0.1499999999999999,8.878741925407075e-05,1024,sepsis_cases_1,Gauss,CrossEntropy
21,28.0,0.1346153846153845,8.878741925407075e-05,1024,sepsis_cases_1,Gauss,CrossEntropy
22,24.0,0.159090909090909,8.878741925407075e-05,1024,sepsis_cases_1,Gauss,CrossEntropy
23,21.0,0.1842105263157895,8.878741925407075e-05,1024,sepsis_cases_1,Gauss,CrossEntropy
24,19.0,0.2058823529411764,8.878741925407075e-05,1024,sepsis_cases_1,Gauss,CrossEntropy
25,17.0,0.2,8.878741925407075e-05,1024,sepsis_cases_1,Gauss,CrossEntropy
26,16.0,0.2142857142857142,8.878741925407075e-05,1024,sepsis_cases_1,Gauss,CrossEntropy
27,16.0,0.2142857142857142,8.878741925407075e-05,1024,sepsis_cases_1,Gauss,CrossEntropy
28,15.0,0.1923076923076923,8.878741925407075e-05,1024,sepsis_cases_1,Gauss,CrossEntropy
29,13.0,0.1363636363636363,8.878741925407075e-05,1024,sepsis_cases_1,Gauss,CrossEntropy
1,157.0,0.6378896882494005,8.878741925407075e-05,2048,sepsis_cases_1,Gauss,CrossEntropy
2,157.0,0.645083932853717,8.878741925407075e-05,2048,sepsis_cases_1,Gauss,CrossEntropy
3,157.0,0.6394884092725819,8.878741925407075e-05,2048,sepsis_cases_1,Gauss,CrossEntropy
4,157.0,0.6254996003197442,8.878741925407075e-05,2048,sepsis_cases_1,Gauss,CrossEntropy
5,157.0,0.6294964028776979,8.878741925407075e-05,2048,sepsis_cases_1,Gauss,CrossEntropy
6,157.0,0.6243005595523581,8.878741925407075e-05,2048,sepsis_cases_1,Gauss,CrossEntropy
7,157.0,0.6590727418065548,8.878741925407075e-05,2048,sepsis_cases_1,Gauss,CrossEntropy
8,157.0,0.657074340527578,8.878741925407075e-05,2048,sepsis_cases_1,Gauss,CrossEntropy
9,154.0,0.6576797385620914,8.878741925407075e-05,2048,sepsis_cases_1,Gauss,CrossEntropy
10,152.0,0.6571310116086235,8.878741925407075e-05,2048,sepsis_cases_1,Gauss,CrossEntropy
11,141.0,0.688,8.878741925407075e-05,2048,sepsis_cases_1,Gauss,CrossEntropy
12,129.0,0.65527950310559,8.878741925407075e-05,2048,sepsis_cases_1,Gauss,CrossEntropy
13,109.0,0.6989898989898989,8.878741925407075e-05,2048,sepsis_cases_1,Gauss,CrossEntropy
14,90.0,0.7012195121951219,8.878741925407075e-05,2048,sepsis_cases_1,Gauss,CrossEntropy
15,78.0,0.7071428571428572,8.878741925407075e-05,2048,sepsis_cases_1,Gauss,CrossEntropy
16,60.0,0.6296296296296297,8.878741925407075e-05,2048,sepsis_cases_1,Gauss,CrossEntropy
17,49.0,0.6045454545454545,8.878741925407075e-05,2048,sepsis_cases_1,Gauss,CrossEntropy
18,38.0,0.125,8.878741925407075e-05,2048,sepsis_cases_1,Gauss,CrossEntropy
19,36.0,0.1323529411764706,8.878741925407075e-05,2048,sepsis_cases_1,Gauss,CrossEntropy
20,32.0,0.0999999999999999,8.878741925407075e-05,2048,sepsis_cases_1,Gauss,CrossEntropy
21,28.0,0.0961538461538461,8.878741925407075e-05,2048,sepsis_cases_1,Gauss,CrossEntropy
22,24.0,0.1136363636363635,8.878741925407075e-05,2048,sepsis_cases_1,Gauss,CrossEntropy
23,21.0,0.1578947368421053,8.878741925407075e-05,2048,sepsis_cases_1,Gauss,CrossEntropy
24,19.0,0.1764705882352941,8.878741925407075e-05,2048,sepsis_cases_1,Gauss,CrossEntropy
25,17.0,0.1666666666666666,8.878741925407075e-05,2048,sepsis_cases_1,Gauss,CrossEntropy
26,16.0,0.1785714285714285,8.878741925407075e-05,2048,sepsis_cases_1,Gauss,CrossEntropy
27,16.0,0.1785714285714285,8.878741925407075e-05,2048,sepsis_cases_1,Gauss,CrossEntropy
28,15.0,0.1538461538461538,8.878741925407075e-05,2048,sepsis_cases_1,Gauss,CrossEntropy
29,13.0,0.0909090909090908,8.878741925407075e-05,2048,sepsis_cases_1,Gauss,CrossEntropy
1,157.0,0.6063149480415667,8.878741925407075e-05,256,sepsis_cases_1,Gauss,CrossEntropy
2,157.0,0.6266986410871302,8.878741925407075e-05,256,sepsis_cases_1,Gauss,CrossEntropy
3,157.0,0.6159072741806555,8.878741925407075e-05,256,sepsis_cases_1,Gauss,CrossEntropy
4,157.0,0.6031175059952038,8.878741925407075e-05,256,sepsis_cases_1,Gauss,CrossEntropy
5,157.0,0.6091127098321344,8.878741925407075e-05,256,sepsis_cases_1,Gauss,CrossEntropy
6,157.0,0.6063149480415667,8.878741925407075e-05,256,sepsis_cases_1,Gauss,CrossEntropy
7,157.0,0.6386890487609912,8.878741925407075e-05,256,sepsis_cases_1,Gauss,CrossEntropy
8,157.0,0.6390887290167866,8.878741925407075e-05,256,sepsis_cases_1,Gauss,CrossEntropy
9,154.0,0.6356209150326797,8.878741925407075e-05,256,sepsis_cases_1,Gauss,CrossEntropy
10,152.0,0.6314262023217246,8.878741925407075e-05,256,sepsis_cases_1,Gauss,CrossEntropy
11,141.0,0.643,8.878741925407075e-05,256,sepsis_cases_1,Gauss,CrossEntropy
12,129.0,0.639751552795031,8.878741925407075e-05,256,sepsis_cases_1,Gauss,CrossEntropy
13,109.0,0.6868686868686869,8.878741925407075e-05,256,sepsis_cases_1,Gauss,CrossEntropy
14,90.0,0.6996951219512196,8.878741925407075e-05,256,sepsis_cases_1,Gauss,CrossEntropy
15,78.0,0.6982142857142857,8.878741925407075e-05,256,sepsis_cases_1,Gauss,CrossEntropy
16,60.0,0.6049382716049383,8.878741925407075e-05,256,sepsis_cases_1,Gauss,CrossEntropy
17,49.0,0.5772727272727273,8.878741925407075e-05,256,sepsis_cases_1,Gauss,CrossEntropy
18,38.0,0.1666666666666666,8.878741925407075e-05,256,sepsis_cases_1,Gauss,CrossEntropy
19,36.0,0.1764705882352941,8.878741925407075e-05,256,sepsis_cases_1,Gauss,CrossEntropy
20,32.0,0.1666666666666666,8.878741925407075e-05,256,sepsis_cases_1,Gauss,CrossEntropy
21,28.0,0.1346153846153845,8.878741925407075e-05,256,sepsis_cases_1,Gauss,CrossEntropy
22,24.0,0.159090909090909,8.878741925407075e-05,256,sepsis_cases_1,Gauss,CrossEntropy
23,21.0,0.1842105263157895,8.878741925407075e-05,256,sepsis_cases_1,Gauss,CrossEntropy
24,19.0,0.2058823529411764,8.878741925407075e-05,256,sepsis_cases_1,Gauss,CrossEntropy
25,17.0,0.2,8.878741925407075e-05,256,sepsis_cases_1,Gauss,CrossEntropy
26,16.0,0.2142857142857142,8.878741925407075e-05,256,sepsis_cases_1,Gauss,CrossEntropy
27,16.0,0.2142857142857142,8.878741925407075e-05,256,sepsis_cases_1,Gauss,CrossEntropy
28,15.0,0.1923076923076923,8.878741925407075e-05,256,sepsis_cases_1,Gauss,CrossEntropy
29,13.0,0.1363636363636363,8.878741925407075e-05,256,sepsis_cases_1,Gauss,CrossEntropy
1,157.0,0.6402877697841727,8.878741925407075e-05,512,sepsis_cases_1,Gauss,CrossEntropy
2,157.0,0.6506794564348521,8.878741925407075e-05,512,sepsis_cases_1,Gauss,CrossEntropy
3,157.0,0.6430855315747402,8.878741925407075e-05,512,sepsis_cases_1,Gauss,CrossEntropy
4,157.0,0.6215027977617906,8.878741925407075e-05,512,sepsis_cases_1,Gauss,CrossEntropy
5,157.0,0.6258992805755396,8.878741925407075e-05,512,sepsis_cases_1,Gauss,CrossEntropy
6,157.0,0.6282973621103118,8.878741925407075e-05,512,sepsis_cases_1,Gauss,CrossEntropy
7,157.0,0.6586730615507593,8.878741925407075e-05,512,sepsis_cases_1,Gauss,CrossEntropy
8,157.0,0.6602717825739408,8.878741925407075e-05,512,sepsis_cases_1,Gauss,CrossEntropy
9,154.0,0.6552287581699346,8.878741925407075e-05,512,sepsis_cases_1,Gauss,CrossEntropy
10,152.0,0.6500829187396352,8.878741925407075e-05,512,sepsis_cases_1,Gauss,CrossEntropy
11,141.0,0.6654999999999999,8.878741925407075e-05,512,sepsis_cases_1,Gauss,CrossEntropy
12,129.0,0.6614906832298136,8.878741925407075e-05,512,sepsis_cases_1,Gauss,CrossEntropy
13,109.0,0.6989898989898989,8.878741925407075e-05,512,sepsis_cases_1,Gauss,CrossEntropy
14,90.0,0.6996951219512195,8.878741925407075e-05,512,sepsis_cases_1,Gauss,CrossEntropy
15,78.0,0.6982142857142858,8.878741925407075e-05,512,sepsis_cases_1,Gauss,CrossEntropy
16,60.0,0.6172839506172839,8.878741925407075e-05,512,sepsis_cases_1,Gauss,CrossEntropy
17,49.0,0.5818181818181819,8.878741925407075e-05,512,sepsis_cases_1,Gauss,CrossEntropy
18,38.0,0.1527777777777778,8.878741925407075e-05,512,sepsis_cases_1,Gauss,CrossEntropy
19,36.0,0.1617647058823529,8.878741925407075e-05,512,sepsis_cases_1,Gauss,CrossEntropy
20,32.0,0.1499999999999999,8.878741925407075e-05,512,sepsis_cases_1,Gauss,CrossEntropy
21,28.0,0.1346153846153845,8.878741925407075e-05,512,sepsis_cases_1,Gauss,CrossEntropy
22,24.0,0.159090909090909,8.878741925407075e-05,512,sepsis_cases_1,Gauss,CrossEntropy
23,21.0,0.1842105263157895,8.878741925407075e-05,512,sepsis_cases_1,Gauss,CrossEntropy
24,19.0,0.2058823529411764,8.878741925407075e-05,512,sepsis_cases_1,Gauss,CrossEntropy
25,17.0,0.2,8.878741925407075e-05,512,sepsis_cases_1,Gauss,CrossEntropy
26,16.0,0.2142857142857142,8.878741925407075e-05,512,sepsis_cases_1,Gauss,CrossEntropy
27,16.0,0.2142857142857142,8.878741925407075e-05,512,sepsis_cases_1,Gauss,CrossEntropy
28,15.0,0.1923076923076923,8.878741925407075e-05,512,sepsis_cases_1,Gauss,CrossEntropy
29,13.0,0.1363636363636363,8.878741925407075e-05,512,sepsis_cases_1,Gauss,CrossEntropy
