LENGHT,NUMBEROFSAMPLES,ROC_AUC_SCORE,LearningRate,BatchSize,EpochSize,DatasetName,MemberFunction,LossFunction
1,157.0,0.5859312549960032,0.0001,256,100,sepsis_cases_1,Bell,CrossEntropy
2,157.0,0.6386890487609912,0.0001,256,100,sepsis_cases_1,Bell,CrossEntropy
3,157.0,0.6207034372501999,0.0001,256,100,sepsis_cases_1,Bell,CrossEntropy
4,157.0,0.6250999200639489,0.0001,256,100,sepsis_cases_1,Bell,CrossEntropy
5,157.0,0.623101518784972,0.0001,256,100,sepsis_cases_1,Bell,CrossEntropy
6,157.0,0.6191047162270183,0.0001,256,100,sepsis_cases_1,Bell,CrossEntropy
7,157.0,0.6542765787370103,0.0001,256,100,sepsis_cases_1,Bell,CrossEntropy
8,157.0,0.6410871302957634,0.0001,256,100,sepsis_cases_1,Bell,CrossEntropy
9,154.0,0.6343954248366013,0.0001,256,100,sepsis_cases_1,Bell,CrossEntropy
10,152.0,0.6305970149253731,0.0001,256,100,sepsis_cases_1,Bell,CrossEntropy
11,141.0,0.63,0.0001,256,100,sepsis_cases_1,Bell,CrossEntropy
12,129.0,0.639751552795031,0.0001,256,100,sepsis_cases_1,Bell,CrossEntropy
13,109.0,0.697979797979798,0.0001,256,100,sepsis_cases_1,Bell,CrossEntropy
14,90.0,0.760670731707317,0.0001,256,100,sepsis_cases_1,Bell,CrossEntropy
15,78.0,0.775,0.0001,256,100,sepsis_cases_1,Bell,CrossEntropy
16,60.0,0.7067901234567902,0.0001,256,100,sepsis_cases_1,Bell,CrossEntropy
17,49.0,0.6636363636363637,0.0001,256,100,sepsis_cases_1,Bell,CrossEntropy
18,38.0,0.3611111111111111,0.0001,256,100,sepsis_cases_1,Bell,CrossEntropy
19,36.0,0.3676470588235294,0.0001,256,100,sepsis_cases_1,Bell,CrossEntropy
20,32.0,0.35,0.0001,256,100,sepsis_cases_1,Bell,CrossEntropy
21,28.0,0.3461538461538461,0.0001,256,100,sepsis_cases_1,Bell,CrossEntropy
22,24.0,0.3409090909090909,0.0001,256,100,sepsis_cases_1,Bell,CrossEntropy
23,21.0,0.368421052631579,0.0001,256,100,sepsis_cases_1,Bell,CrossEntropy
24,19.0,0.4117647058823529,0.0001,256,100,sepsis_cases_1,Bell,CrossEntropy
25,17.0,0.3666666666666667,0.0001,256,100,sepsis_cases_1,Bell,CrossEntropy
26,16.0,0.3571428571428571,0.0001,256,100,sepsis_cases_1,Bell,CrossEntropy
27,16.0,0.3928571428571429,0.0001,256,100,sepsis_cases_1,Bell,CrossEntropy
28,15.0,0.3461538461538461,0.0001,256,100,sepsis_cases_1,Bell,CrossEntropy
29,13.0,0.2727272727272727,0.0001,256,100,sepsis_cases_1,Bell,CrossEntropy
1,157.0,0.6131095123900879,0.0001,256,100,sepsis_cases_1,DSigmoid,CrossEntropy
2,157.0,0.6370903277378098,0.0001,256,100,sepsis_cases_1,DSigmoid,CrossEntropy
3,157.0,0.6099120703437251,0.0001,256,100,sepsis_cases_1,DSigmoid,CrossEntropy
4,157.0,0.6071143085531574,0.0001,256,100,sepsis_cases_1,DSigmoid,CrossEntropy
5,157.0,0.6023181454836132,0.0001,256,100,sepsis_cases_1,DSigmoid,CrossEntropy
6,157.0,0.6015187849720223,0.0001,256,100,sepsis_cases_1,DSigmoid,CrossEntropy
7,157.0,0.6506794564348521,0.0001,256,100,sepsis_cases_1,DSigmoid,CrossEntropy
8,157.0,0.6514788169464428,0.0001,256,100,sepsis_cases_1,DSigmoid,CrossEntropy
9,154.0,0.6446078431372549,0.0001,256,100,sepsis_cases_1,DSigmoid,CrossEntropy
10,152.0,0.6413764510779436,0.0001,256,100,sepsis_cases_1,DSigmoid,CrossEntropy
11,141.0,0.628,0.0001,256,100,sepsis_cases_1,DSigmoid,CrossEntropy
12,129.0,0.684472049689441,0.0001,256,100,sepsis_cases_1,DSigmoid,CrossEntropy
13,109.0,0.7434343434343436,0.0001,256,100,sepsis_cases_1,DSigmoid,CrossEntropy
14,90.0,0.7545731707317074,0.0001,256,100,sepsis_cases_1,DSigmoid,CrossEntropy
15,78.0,0.7446428571428572,0.0001,256,100,sepsis_cases_1,DSigmoid,CrossEntropy
16,60.0,0.638888888888889,0.0001,256,100,sepsis_cases_1,DSigmoid,CrossEntropy
17,49.0,0.6318181818181818,0.0001,256,100,sepsis_cases_1,DSigmoid,CrossEntropy
18,38.0,0.5694444444444444,0.0001,256,100,sepsis_cases_1,DSigmoid,CrossEntropy
19,36.0,0.6029411764705883,0.0001,256,100,sepsis_cases_1,DSigmoid,CrossEntropy
20,32.0,0.6333333333333333,0.0001,256,100,sepsis_cases_1,DSigmoid,CrossEntropy
21,28.0,0.6153846153846154,0.0001,256,100,sepsis_cases_1,DSigmoid,CrossEntropy
22,24.0,0.5909090909090908,0.0001,256,100,sepsis_cases_1,DSigmoid,CrossEntropy
23,21.0,0.5789473684210527,0.0001,256,100,sepsis_cases_1,DSigmoid,CrossEntropy
24,19.0,0.5882352941176471,0.0001,256,100,sepsis_cases_1,DSigmoid,CrossEntropy
25,17.0,0.5333333333333333,0.0001,256,100,sepsis_cases_1,DSigmoid,CrossEntropy
26,16.0,0.5714285714285714,0.0001,256,100,sepsis_cases_1,DSigmoid,CrossEntropy
27,16.0,0.5714285714285714,0.0001,256,100,sepsis_cases_1,DSigmoid,CrossEntropy
28,15.0,0.5384615384615384,0.0001,256,100,sepsis_cases_1,DSigmoid,CrossEntropy
29,13.0,0.5454545454545454,0.0001,256,100,sepsis_cases_1,DSigmoid,CrossEntropy
1,157.0,0.6123101518784971,0.0001,256,100,sepsis_cases_1,Gauss,CrossEntropy
2,157.0,0.6294964028776978,0.0001,256,100,sepsis_cases_1,Gauss,CrossEntropy
3,157.0,0.6195043964828137,0.0001,256,100,sepsis_cases_1,Gauss,CrossEntropy
4,157.0,0.6019184652278178,0.0001,256,100,sepsis_cases_1,Gauss,CrossEntropy
5,157.0,0.6083133493205435,0.0001,256,100,sepsis_cases_1,Gauss,CrossEntropy
6,157.0,0.6099120703437251,0.0001,256,100,sepsis_cases_1,Gauss,CrossEntropy
7,157.0,0.6394884092725819,0.0001,256,100,sepsis_cases_1,Gauss,CrossEntropy
8,157.0,0.6404876099120703,0.0001,256,100,sepsis_cases_1,Gauss,CrossEntropy
9,154.0,0.6348039215686275,0.0001,256,100,sepsis_cases_1,Gauss,CrossEntropy
10,152.0,0.6314262023217247,0.0001,256,100,sepsis_cases_1,Gauss,CrossEntropy
11,141.0,0.646,0.0001,256,100,sepsis_cases_1,Gauss,CrossEntropy
12,129.0,0.6403726708074534,0.0001,256,100,sepsis_cases_1,Gauss,CrossEntropy
13,109.0,0.6848484848484848,0.0001,256,100,sepsis_cases_1,Gauss,CrossEntropy
14,90.0,0.6966463414634148,0.0001,256,100,sepsis_cases_1,Gauss,CrossEntropy
15,78.0,0.6964285714285714,0.0001,256,100,sepsis_cases_1,Gauss,CrossEntropy
16,60.0,0.6111111111111112,0.0001,256,100,sepsis_cases_1,Gauss,CrossEntropy
17,49.0,0.5772727272727273,0.0001,256,100,sepsis_cases_1,Gauss,CrossEntropy
18,38.0,0.1666666666666666,0.0001,256,100,sepsis_cases_1,Gauss,CrossEntropy
19,36.0,0.1764705882352941,0.0001,256,100,sepsis_cases_1,Gauss,CrossEntropy
20,32.0,0.1666666666666666,0.0001,256,100,sepsis_cases_1,Gauss,CrossEntropy
21,28.0,0.1346153846153845,0.0001,256,100,sepsis_cases_1,Gauss,CrossEntropy
22,24.0,0.159090909090909,0.0001,256,100,sepsis_cases_1,Gauss,CrossEntropy
23,21.0,0.1842105263157895,0.0001,256,100,sepsis_cases_1,Gauss,CrossEntropy
24,19.0,0.2058823529411764,0.0001,256,100,sepsis_cases_1,Gauss,CrossEntropy
25,17.0,0.2,0.0001,256,100,sepsis_cases_1,Gauss,CrossEntropy
26,16.0,0.2142857142857142,0.0001,256,100,sepsis_cases_1,Gauss,CrossEntropy
27,16.0,0.2142857142857142,0.0001,256,100,sepsis_cases_1,Gauss,CrossEntropy
28,15.0,0.1923076923076923,0.0001,256,100,sepsis_cases_1,Gauss,CrossEntropy
29,13.0,0.1363636363636363,0.0001,256,100,sepsis_cases_1,Gauss,CrossEntropy
1,157.0,0.4048760991207034,0.0005,256,100,sepsis_cases_1,Bell,CrossEntropy
2,157.0,0.3984812150279776,0.0005,256,100,sepsis_cases_1,Bell,CrossEntropy
3,157.0,0.3936850519584332,0.0005,256,100,sepsis_cases_1,Bell,CrossEntropy
4,157.0,0.3916866506794564,0.0005,256,100,sepsis_cases_1,Bell,CrossEntropy
5,157.0,0.4088729016786571,0.0005,256,100,sepsis_cases_1,Bell,CrossEntropy
6,157.0,0.4112709832134292,0.0005,256,100,sepsis_cases_1,Bell,CrossEntropy
7,157.0,0.4504396482813749,0.0005,256,100,sepsis_cases_1,Bell,CrossEntropy
8,157.0,0.448441247002398,0.0005,256,100,sepsis_cases_1,Bell,CrossEntropy
9,154.0,0.4424019607843136,0.0005,256,100,sepsis_cases_1,Bell,CrossEntropy
10,152.0,0.4361525704809287,0.0005,256,100,sepsis_cases_1,Bell,CrossEntropy
11,141.0,0.4245,0.0005,256,100,sepsis_cases_1,Bell,CrossEntropy
12,129.0,0.3944099378881988,0.0005,256,100,sepsis_cases_1,Bell,CrossEntropy
13,109.0,0.4777777777777777,0.0005,256,100,sepsis_cases_1,Bell,CrossEntropy
14,90.0,0.5060975609756098,0.0005,256,100,sepsis_cases_1,Bell,CrossEntropy
15,78.0,0.5214285714285714,0.0005,256,100,sepsis_cases_1,Bell,CrossEntropy
16,60.0,0.4691358024691358,0.0005,256,100,sepsis_cases_1,Bell,CrossEntropy
17,49.0,0.409090909090909,0.0005,256,100,sepsis_cases_1,Bell,CrossEntropy
18,38.0,0.25,0.0005,256,100,sepsis_cases_1,Bell,CrossEntropy
19,36.0,0.2352941176470588,0.0005,256,100,sepsis_cases_1,Bell,CrossEntropy
20,32.0,0.2333333333333333,0.0005,256,100,sepsis_cases_1,Bell,CrossEntropy
21,28.0,0.2115384615384615,0.0005,256,100,sepsis_cases_1,Bell,CrossEntropy
22,24.0,0.2045454545454545,0.0005,256,100,sepsis_cases_1,Bell,CrossEntropy
23,21.0,0.1842105263157895,0.0005,256,100,sepsis_cases_1,Bell,CrossEntropy
24,19.0,0.2058823529411764,0.0005,256,100,sepsis_cases_1,Bell,CrossEntropy
25,17.0,0.2333333333333333,0.0005,256,100,sepsis_cases_1,Bell,CrossEntropy
26,16.0,0.2142857142857143,0.0005,256,100,sepsis_cases_1,Bell,CrossEntropy
27,16.0,0.2142857142857143,0.0005,256,100,sepsis_cases_1,Bell,CrossEntropy
28,15.0,0.1923076923076923,0.0005,256,100,sepsis_cases_1,Bell,CrossEntropy
29,13.0,0.1363636363636363,0.0005,256,100,sepsis_cases_1,Bell,CrossEntropy
1,157.0,0.6103117505995205,0.0005,256,100,sepsis_cases_1,DSigmoid,CrossEntropy
2,157.0,0.6059152677857714,0.0005,256,100,sepsis_cases_1,DSigmoid,CrossEntropy
3,157.0,0.6095123900879297,0.0005,256,100,sepsis_cases_1,DSigmoid,CrossEntropy
4,157.0,0.570343725019984,0.0005,256,100,sepsis_cases_1,DSigmoid,CrossEntropy
5,157.0,0.5591526778577138,0.0005,256,100,sepsis_cases_1,DSigmoid,CrossEntropy
6,157.0,0.561550759392486,0.0005,256,100,sepsis_cases_1,DSigmoid,CrossEntropy
7,157.0,0.5943245403677059,0.0005,256,100,sepsis_cases_1,DSigmoid,CrossEntropy
8,157.0,0.592326139088729,0.0005,256,100,sepsis_cases_1,DSigmoid,CrossEntropy
9,154.0,0.5923202614379085,0.0005,256,100,sepsis_cases_1,DSigmoid,CrossEntropy
10,152.0,0.5920398009950248,0.0005,256,100,sepsis_cases_1,DSigmoid,CrossEntropy
11,141.0,0.6595,0.0005,256,100,sepsis_cases_1,DSigmoid,CrossEntropy
12,129.0,0.6440993788819875,0.0005,256,100,sepsis_cases_1,DSigmoid,CrossEntropy
13,109.0,0.7090909090909091,0.0005,256,100,sepsis_cases_1,DSigmoid,CrossEntropy
14,90.0,0.7317073170731707,0.0005,256,100,sepsis_cases_1,DSigmoid,CrossEntropy
15,78.0,0.7303571428571428,0.0005,256,100,sepsis_cases_1,DSigmoid,CrossEntropy
16,60.0,0.6481481481481481,0.0005,256,100,sepsis_cases_1,DSigmoid,CrossEntropy
17,49.0,0.5954545454545455,0.0005,256,100,sepsis_cases_1,DSigmoid,CrossEntropy
18,38.0,0.1805555555555555,0.0005,256,100,sepsis_cases_1,DSigmoid,CrossEntropy
19,36.0,0.2058823529411764,0.0005,256,100,sepsis_cases_1,DSigmoid,CrossEntropy
20,32.0,0.2,0.0005,256,100,sepsis_cases_1,DSigmoid,CrossEntropy
21,28.0,0.173076923076923,0.0005,256,100,sepsis_cases_1,DSigmoid,CrossEntropy
22,24.0,0.1818181818181818,0.0005,256,100,sepsis_cases_1,DSigmoid,CrossEntropy
23,21.0,0.2368421052631579,0.0005,256,100,sepsis_cases_1,DSigmoid,CrossEntropy
24,19.0,0.2647058823529412,0.0005,256,100,sepsis_cases_1,DSigmoid,CrossEntropy
25,17.0,0.2333333333333333,0.0005,256,100,sepsis_cases_1,DSigmoid,CrossEntropy
26,16.0,0.1785714285714285,0.0005,256,100,sepsis_cases_1,DSigmoid,CrossEntropy
27,16.0,0.1785714285714285,0.0005,256,100,sepsis_cases_1,DSigmoid,CrossEntropy
28,15.0,0.1538461538461538,0.0005,256,100,sepsis_cases_1,DSigmoid,CrossEntropy
29,13.0,0.1363636363636363,0.0005,256,100,sepsis_cases_1,DSigmoid,CrossEntropy
1,157.0,0.3880895283772981,0.0005,256,100,sepsis_cases_1,Gauss,CrossEntropy
2,157.0,0.3772981614708233,0.0005,256,100,sepsis_cases_1,Gauss,CrossEntropy
3,157.0,0.3864908073541167,0.0005,256,100,sepsis_cases_1,Gauss,CrossEntropy
4,157.0,0.3848920863309352,0.0005,256,100,sepsis_cases_1,Gauss,CrossEntropy
5,157.0,0.3932853717026379,0.0005,256,100,sepsis_cases_1,Gauss,CrossEntropy
6,157.0,0.3968824940047962,0.0005,256,100,sepsis_cases_1,Gauss,CrossEntropy
7,157.0,0.4260591526778577,0.0005,256,100,sepsis_cases_1,Gauss,CrossEntropy
8,157.0,0.429656274980016,0.0005,256,100,sepsis_cases_1,Gauss,CrossEntropy
9,154.0,0.4281045751633986,0.0005,256,100,sepsis_cases_1,Gauss,CrossEntropy
10,152.0,0.4220563847429519,0.0005,256,100,sepsis_cases_1,Gauss,CrossEntropy
11,141.0,0.4345,0.0005,256,100,sepsis_cases_1,Gauss,CrossEntropy
12,129.0,0.3875776397515528,0.0005,256,100,sepsis_cases_1,Gauss,CrossEntropy
13,109.0,0.4636363636363636,0.0005,256,100,sepsis_cases_1,Gauss,CrossEntropy
14,90.0,0.4695121951219513,0.0005,256,100,sepsis_cases_1,Gauss,CrossEntropy
15,78.0,0.4785714285714285,0.0005,256,100,sepsis_cases_1,Gauss,CrossEntropy
16,60.0,0.4691358024691358,0.0005,256,100,sepsis_cases_1,Gauss,CrossEntropy
17,49.0,0.4,0.0005,256,100,sepsis_cases_1,Gauss,CrossEntropy
18,38.0,0.1666666666666666,0.0005,256,100,sepsis_cases_1,Gauss,CrossEntropy
19,36.0,0.1617647058823529,0.0005,256,100,sepsis_cases_1,Gauss,CrossEntropy
20,32.0,0.1499999999999999,0.0005,256,100,sepsis_cases_1,Gauss,CrossEntropy
21,28.0,0.1538461538461538,0.0005,256,100,sepsis_cases_1,Gauss,CrossEntropy
22,24.0,0.2045454545454545,0.0005,256,100,sepsis_cases_1,Gauss,CrossEntropy
23,21.0,0.1842105263157895,0.0005,256,100,sepsis_cases_1,Gauss,CrossEntropy
24,19.0,0.2058823529411764,0.0005,256,100,sepsis_cases_1,Gauss,CrossEntropy
25,17.0,0.1666666666666666,0.0005,256,100,sepsis_cases_1,Gauss,CrossEntropy
26,16.0,0.1071428571428571,0.0005,256,100,sepsis_cases_1,Gauss,CrossEntropy
27,16.0,0.1071428571428571,0.0005,256,100,sepsis_cases_1,Gauss,CrossEntropy
28,15.0,0.0769230769230769,0.0005,256,100,sepsis_cases_1,Gauss,CrossEntropy
29,13.0,0.0454545454545454,0.0005,256,100,sepsis_cases_1,Gauss,CrossEntropy
1,157.0,0.3545163868904876,0.001,256,100,epsis_cases_1,Bell,CrossEntropy
2,157.0,0.3345323741007194,0.001,256,100,epsis_cases_1,Bell,CrossEntropy
3,157.0,0.3289368505195843,0.001,256,100,epsis_cases_1,Bell,CrossEntropy
4,157.0,0.3441247002398081,0.001,256,100,epsis_cases_1,Bell,CrossEntropy
5,157.0,0.3433253397282174,0.001,256,100,epsis_cases_1,Bell,CrossEntropy
6,157.0,0.3341326938449241,0.001,256,100,epsis_cases_1,Bell,CrossEntropy
7,157.0,0.3772981614708233,0.001,256,100,epsis_cases_1,Bell,CrossEntropy
8,157.0,0.3745003996802558,0.001,256,100,epsis_cases_1,Bell,CrossEntropy
9,154.0,0.3733660130718954,0.001,256,100,epsis_cases_1,Bell,CrossEntropy
10,152.0,0.3660862354892206,0.001,256,100,epsis_cases_1,Bell,CrossEntropy
11,141.0,0.373,0.001,256,100,epsis_cases_1,Bell,CrossEntropy
12,129.0,0.3354037267080745,0.001,256,100,epsis_cases_1,Bell,CrossEntropy
13,109.0,0.401010101010101,0.001,256,100,epsis_cases_1,Bell,CrossEntropy
14,90.0,0.4207317073170731,0.001,256,100,epsis_cases_1,Bell,CrossEntropy
15,78.0,0.4410714285714285,0.001,256,100,epsis_cases_1,Bell,CrossEntropy
16,60.0,0.4012345679012346,0.001,256,100,epsis_cases_1,Bell,CrossEntropy
17,49.0,0.3227272727272727,0.001,256,100,epsis_cases_1,Bell,CrossEntropy
18,38.0,0.2361111111111111,0.001,256,100,epsis_cases_1,Bell,CrossEntropy
19,36.0,0.2352941176470588,0.001,256,100,epsis_cases_1,Bell,CrossEntropy
20,32.0,0.2166666666666666,0.001,256,100,epsis_cases_1,Bell,CrossEntropy
21,28.0,0.2115384615384615,0.001,256,100,epsis_cases_1,Bell,CrossEntropy
22,24.0,0.2045454545454545,0.001,256,100,epsis_cases_1,Bell,CrossEntropy
23,21.0,0.1842105263157895,0.001,256,100,epsis_cases_1,Bell,CrossEntropy
24,19.0,0.2058823529411764,0.001,256,100,epsis_cases_1,Bell,CrossEntropy
25,17.0,0.2,0.001,256,100,epsis_cases_1,Bell,CrossEntropy
26,16.0,0.1428571428571428,0.001,256,100,epsis_cases_1,Bell,CrossEntropy
27,16.0,0.1785714285714285,0.001,256,100,epsis_cases_1,Bell,CrossEntropy
28,15.0,0.1538461538461538,0.001,256,100,epsis_cases_1,Bell,CrossEntropy
29,13.0,0.1363636363636363,0.001,256,100,epsis_cases_1,Bell,CrossEntropy
1,157.0,0.6091127098321343,0.001,256,100,sepsis_cases_1,DSigmoid,CrossEntropy
2,157.0,0.6003197442046363,0.001,256,100,sepsis_cases_1,DSigmoid,CrossEntropy
3,157.0,0.6027178257394085,0.001,256,100,sepsis_cases_1,DSigmoid,CrossEntropy
4,157.0,0.5375699440447641,0.001,256,100,sepsis_cases_1,DSigmoid,CrossEntropy
5,157.0,0.5387689848121502,0.001,256,100,sepsis_cases_1,DSigmoid,CrossEntropy
6,157.0,0.5459632294164669,0.001,256,100,sepsis_cases_1,DSigmoid,CrossEntropy
7,157.0,0.5771382893685052,0.001,256,100,sepsis_cases_1,DSigmoid,CrossEntropy
8,157.0,0.5799360511590728,0.001,256,100,sepsis_cases_1,DSigmoid,CrossEntropy
9,154.0,0.5804738562091504,0.001,256,100,sepsis_cases_1,DSigmoid,CrossEntropy
10,152.0,0.5766998341625207,0.001,256,100,sepsis_cases_1,DSigmoid,CrossEntropy
11,141.0,0.62,0.001,256,100,sepsis_cases_1,DSigmoid,CrossEntropy
12,129.0,0.5906832298136645,0.001,256,100,sepsis_cases_1,DSigmoid,CrossEntropy
13,109.0,0.6515151515151515,0.001,256,100,sepsis_cases_1,DSigmoid,CrossEntropy
14,90.0,0.6783536585365855,0.001,256,100,sepsis_cases_1,DSigmoid,CrossEntropy
15,78.0,0.6785714285714286,0.001,256,100,sepsis_cases_1,DSigmoid,CrossEntropy
16,60.0,0.5771604938271605,0.001,256,100,sepsis_cases_1,DSigmoid,CrossEntropy
17,49.0,0.5272727272727272,0.001,256,100,sepsis_cases_1,DSigmoid,CrossEntropy
18,38.0,0.0972222222222222,0.001,256,100,sepsis_cases_1,DSigmoid,CrossEntropy
19,36.0,0.1323529411764706,0.001,256,100,sepsis_cases_1,DSigmoid,CrossEntropy
20,32.0,0.1166666666666666,0.001,256,100,sepsis_cases_1,DSigmoid,CrossEntropy
21,28.0,0.1153846153846154,0.001,256,100,sepsis_cases_1,DSigmoid,CrossEntropy
22,24.0,0.0909090909090909,0.001,256,100,sepsis_cases_1,DSigmoid,CrossEntropy
23,21.0,0.1052631578947368,0.001,256,100,sepsis_cases_1,DSigmoid,CrossEntropy
24,19.0,0.1176470588235294,0.001,256,100,sepsis_cases_1,DSigmoid,CrossEntropy
25,17.0,0.0999999999999999,0.001,256,100,sepsis_cases_1,DSigmoid,CrossEntropy
26,16.0,0.0714285714285714,0.001,256,100,sepsis_cases_1,DSigmoid,CrossEntropy
27,16.0,0.0714285714285714,0.001,256,100,sepsis_cases_1,DSigmoid,CrossEntropy
28,15.0,0.0769230769230768,0.001,256,100,sepsis_cases_1,DSigmoid,CrossEntropy
29,13.0,0.0909090909090909,0.001,256,100,sepsis_cases_1,DSigmoid,CrossEntropy
1,157.0,0.3677058353317345,0.001,256,100,sepsis_cases_1,Gauss,CrossEntropy
2,157.0,0.3661071143085531,0.001,256,100,sepsis_cases_1,Gauss,CrossEntropy
3,157.0,0.3772981614708233,0.001,256,100,sepsis_cases_1,Gauss,CrossEntropy
4,157.0,0.360511590727418,0.001,256,100,sepsis_cases_1,Gauss,CrossEntropy
5,157.0,0.3577138289368505,0.001,256,100,sepsis_cases_1,Gauss,CrossEntropy
6,157.0,0.3669064748201439,0.001,256,100,sepsis_cases_1,Gauss,CrossEntropy
7,157.0,0.3984812150279776,0.001,256,100,sepsis_cases_1,Gauss,CrossEntropy
8,157.0,0.3968824940047961,0.001,256,100,sepsis_cases_1,Gauss,CrossEntropy
9,154.0,0.3925653594771242,0.001,256,100,sepsis_cases_1,Gauss,CrossEntropy
10,152.0,0.3880597014925372,0.001,256,100,sepsis_cases_1,Gauss,CrossEntropy
11,141.0,0.4015,0.001,256,100,sepsis_cases_1,Gauss,CrossEntropy
12,129.0,0.346583850931677,0.001,256,100,sepsis_cases_1,Gauss,CrossEntropy
13,109.0,0.4292929292929293,0.001,256,100,sepsis_cases_1,Gauss,CrossEntropy
14,90.0,0.4070121951219512,0.001,256,100,sepsis_cases_1,Gauss,CrossEntropy
15,78.0,0.4160714285714285,0.001,256,100,sepsis_cases_1,Gauss,CrossEntropy
16,60.0,0.3827160493827161,0.001,256,100,sepsis_cases_1,Gauss,CrossEntropy
17,49.0,0.3681818181818181,0.001,256,100,sepsis_cases_1,Gauss,CrossEntropy
18,38.0,0.1666666666666666,0.001,256,100,sepsis_cases_1,Gauss,CrossEntropy
19,36.0,0.1617647058823529,0.001,256,100,sepsis_cases_1,Gauss,CrossEntropy
20,32.0,0.1499999999999999,0.001,256,100,sepsis_cases_1,Gauss,CrossEntropy
21,28.0,0.1538461538461538,0.001,256,100,sepsis_cases_1,Gauss,CrossEntropy
22,24.0,0.1363636363636363,0.001,256,100,sepsis_cases_1,Gauss,CrossEntropy
23,21.0,0.1052631578947368,0.001,256,100,sepsis_cases_1,Gauss,CrossEntropy
24,19.0,0.1176470588235294,0.001,256,100,sepsis_cases_1,Gauss,CrossEntropy
25,17.0,0.1333333333333333,0.001,256,100,sepsis_cases_1,Gauss,CrossEntropy
26,16.0,0.0714285714285714,0.001,256,100,sepsis_cases_1,Gauss,CrossEntropy
27,16.0,0.0714285714285714,0.001,256,100,sepsis_cases_1,Gauss,CrossEntropy
28,15.0,0.0769230769230768,0.001,256,100,sepsis_cases_1,Gauss,CrossEntropy
29,13.0,0.0,0.001,256,100,sepsis_cases_1,Gauss,CrossEntropy
1,157.0,0.552757793764988,0.01,256,100,sepsis_cases_1,Bell,CrossEntropy
2,157.0,0.5167865707434053,0.01,256,100,sepsis_cases_1,Bell,CrossEntropy
3,157.0,0.4988009592326138,0.01,256,100,sepsis_cases_1,Bell,CrossEntropy
4,157.0,0.4972022382094325,0.01,256,100,sepsis_cases_1,Bell,CrossEntropy
5,157.0,0.5071942446043165,0.01,256,100,sepsis_cases_1,Bell,CrossEntropy
6,157.0,0.5083932853717026,0.01,256,100,sepsis_cases_1,Bell,CrossEntropy
7,157.0,0.5203836930455635,0.01,256,100,sepsis_cases_1,Bell,CrossEntropy
8,157.0,0.5211830535571542,0.01,256,100,sepsis_cases_1,Bell,CrossEntropy
9,154.0,0.5208333333333334,0.01,256,100,sepsis_cases_1,Bell,CrossEntropy
10,152.0,0.519485903814262,0.01,256,100,sepsis_cases_1,Bell,CrossEntropy
11,141.0,0.4815,0.01,256,100,sepsis_cases_1,Bell,CrossEntropy
12,129.0,0.4366459627329192,0.01,256,100,sepsis_cases_1,Bell,CrossEntropy
13,109.0,0.4444444444444444,0.01,256,100,sepsis_cases_1,Bell,CrossEntropy
14,90.0,0.4557926829268292,0.01,256,100,sepsis_cases_1,Bell,CrossEntropy
15,78.0,0.4392857142857143,0.01,256,100,sepsis_cases_1,Bell,CrossEntropy
16,60.0,0.3765432098765431,0.01,256,100,sepsis_cases_1,Bell,CrossEntropy
17,49.0,0.4136363636363636,0.01,256,100,sepsis_cases_1,Bell,CrossEntropy
18,38.0,0.2916666666666667,0.01,256,100,sepsis_cases_1,Bell,CrossEntropy
19,36.0,0.25,0.01,256,100,sepsis_cases_1,Bell,CrossEntropy
20,32.0,0.25,0.01,256,100,sepsis_cases_1,Bell,CrossEntropy
21,28.0,0.2884615384615385,0.01,256,100,sepsis_cases_1,Bell,CrossEntropy
22,24.0,0.2954545454545454,0.01,256,100,sepsis_cases_1,Bell,CrossEntropy
23,21.0,0.2894736842105263,0.01,256,100,sepsis_cases_1,Bell,CrossEntropy
24,19.0,0.2647058823529412,0.01,256,100,sepsis_cases_1,Bell,CrossEntropy
25,17.0,0.3333333333333333,0.01,256,100,sepsis_cases_1,Bell,CrossEntropy
26,16.0,0.2857142857142857,0.01,256,100,sepsis_cases_1,Bell,CrossEntropy
27,16.0,0.2857142857142857,0.01,256,100,sepsis_cases_1,Bell,CrossEntropy
28,15.0,0.3076923076923077,0.01,256,100,sepsis_cases_1,Bell,CrossEntropy
29,13.0,0.2727272727272727,0.01,256,100,sepsis_cases_1,Bell,CrossEntropy
1,157.0,0.461630695443645,0.01,256,100,sepsis_cases_1,DSigmoid,CrossEntropy
2,157.0,0.4540367705835331,0.01,256,100,sepsis_cases_1,DSigmoid,CrossEntropy
3,157.0,0.4612310151878497,0.01,256,100,sepsis_cases_1,DSigmoid,CrossEntropy
4,157.0,0.4802158273381295,0.01,256,100,sepsis_cases_1,DSigmoid,CrossEntropy
5,157.0,0.5135891286970424,0.01,256,100,sepsis_cases_1,DSigmoid,CrossEntropy
6,157.0,0.5107913669064748,0.01,256,100,sepsis_cases_1,DSigmoid,CrossEntropy
7,157.0,0.5419664268585132,0.01,256,100,sepsis_cases_1,DSigmoid,CrossEntropy
8,157.0,0.5523581135091927,0.01,256,100,sepsis_cases_1,DSigmoid,CrossEntropy
9,154.0,0.5690359477124183,0.01,256,100,sepsis_cases_1,DSigmoid,CrossEntropy
10,152.0,0.5766998341625207,0.01,256,100,sepsis_cases_1,DSigmoid,CrossEntropy
11,141.0,0.5389999999999999,0.01,256,100,sepsis_cases_1,DSigmoid,CrossEntropy
12,129.0,0.5086956521739131,0.01,256,100,sepsis_cases_1,DSigmoid,CrossEntropy
13,109.0,0.5818181818181818,0.01,256,100,sepsis_cases_1,DSigmoid,CrossEntropy
14,90.0,0.5990853658536585,0.01,256,100,sepsis_cases_1,DSigmoid,CrossEntropy
15,78.0,0.6089285714285715,0.01,256,100,sepsis_cases_1,DSigmoid,CrossEntropy
16,60.0,0.4969135802469135,0.01,256,100,sepsis_cases_1,DSigmoid,CrossEntropy
17,49.0,0.4727272727272728,0.01,256,100,sepsis_cases_1,DSigmoid,CrossEntropy
18,38.0,0.4305555555555555,0.01,256,100,sepsis_cases_1,DSigmoid,CrossEntropy
19,36.0,0.4264705882352941,0.01,256,100,sepsis_cases_1,DSigmoid,CrossEntropy
20,32.0,0.4,0.01,256,100,sepsis_cases_1,DSigmoid,CrossEntropy
21,28.0,0.3846153846153846,0.01,256,100,sepsis_cases_1,DSigmoid,CrossEntropy
22,24.0,0.5,0.01,256,100,sepsis_cases_1,DSigmoid,CrossEntropy
23,21.0,0.5263157894736843,0.01,256,100,sepsis_cases_1,DSigmoid,CrossEntropy
24,19.0,0.5294117647058824,0.01,256,100,sepsis_cases_1,DSigmoid,CrossEntropy
25,17.0,0.4666666666666667,0.01,256,100,sepsis_cases_1,DSigmoid,CrossEntropy
26,16.0,0.4285714285714286,0.01,256,100,sepsis_cases_1,DSigmoid,CrossEntropy
27,16.0,0.4642857142857143,0.01,256,100,sepsis_cases_1,DSigmoid,CrossEntropy
28,15.0,0.4230769230769231,0.01,256,100,sepsis_cases_1,DSigmoid,CrossEntropy
29,13.0,0.4090909090909091,0.01,256,100,sepsis_cases_1,DSigmoid,CrossEntropy
1,157.0,0.4464428457234212,0.01,256,100,sepsis_cases_1,Gauss,CrossEntropy
2,157.0,0.4184652278177458,0.01,256,100,sepsis_cases_1,Gauss,CrossEntropy
3,157.0,0.4152677857713828,0.01,256,100,sepsis_cases_1,Gauss,CrossEntropy
4,157.0,0.3872901678657074,0.01,256,100,sepsis_cases_1,Gauss,CrossEntropy
5,157.0,0.3776978417266187,0.01,256,100,sepsis_cases_1,Gauss,CrossEntropy
6,157.0,0.3848920863309352,0.01,256,100,sepsis_cases_1,Gauss,CrossEntropy
7,157.0,0.4056754596322942,0.01,256,100,sepsis_cases_1,Gauss,CrossEntropy
8,157.0,0.4060751398880896,0.01,256,100,sepsis_cases_1,Gauss,CrossEntropy
9,154.0,0.4044117647058823,0.01,256,100,sepsis_cases_1,Gauss,CrossEntropy
10,152.0,0.402155887230514,0.01,256,100,sepsis_cases_1,Gauss,CrossEntropy
11,141.0,0.4155,0.01,256,100,sepsis_cases_1,Gauss,CrossEntropy
12,129.0,0.3633540372670807,0.01,256,100,sepsis_cases_1,Gauss,CrossEntropy
13,109.0,0.3898989898989899,0.01,256,100,sepsis_cases_1,Gauss,CrossEntropy
14,90.0,0.4039634146341463,0.01,256,100,sepsis_cases_1,Gauss,CrossEntropy
15,78.0,0.3946428571428572,0.01,256,100,sepsis_cases_1,Gauss,CrossEntropy
16,60.0,0.3549382716049383,0.01,256,100,sepsis_cases_1,Gauss,CrossEntropy
17,49.0,0.3863636363636363,0.01,256,100,sepsis_cases_1,Gauss,CrossEntropy
18,38.0,0.1666666666666666,0.01,256,100,sepsis_cases_1,Gauss,CrossEntropy
19,36.0,0.1470588235294118,0.01,256,100,sepsis_cases_1,Gauss,CrossEntropy
20,32.0,0.1666666666666666,0.01,256,100,sepsis_cases_1,Gauss,CrossEntropy
21,28.0,0.1923076923076923,0.01,256,100,sepsis_cases_1,Gauss,CrossEntropy
22,24.0,0.1363636363636363,0.01,256,100,sepsis_cases_1,Gauss,CrossEntropy
23,21.0,0.1052631578947368,0.01,256,100,sepsis_cases_1,Gauss,CrossEntropy
24,19.0,0.1176470588235294,0.01,256,100,sepsis_cases_1,Gauss,CrossEntropy
25,17.0,0.1333333333333333,0.01,256,100,sepsis_cases_1,Gauss,CrossEntropy
26,16.0,0.1428571428571429,0.01,256,100,sepsis_cases_1,Gauss,CrossEntropy
27,16.0,0.1428571428571429,0.01,256,100,sepsis_cases_1,Gauss,CrossEntropy
28,15.0,0.1538461538461538,0.01,256,100,sepsis_cases_1,Gauss,CrossEntropy
29,13.0,0.0909090909090909,0.01,256,100,sepsis_cases_1,Gauss,CrossEntropy
1,157.0,0.5771382893685052,1e-05,256,100,sepsis_cases_1,Bell,CrossEntropy
2,157.0,0.6127098321342925,1e-05,256,100,sepsis_cases_1,Bell,CrossEntropy
3,157.0,0.5931254996003197,1e-05,256,100,sepsis_cases_1,Bell,CrossEntropy
4,157.0,0.5987210231814548,1e-05,256,100,sepsis_cases_1,Bell,CrossEntropy
5,157.0,0.6027178257394085,1e-05,256,100,sepsis_cases_1,Bell,CrossEntropy
6,157.0,0.5947242206235012,1e-05,256,100,sepsis_cases_1,Bell,CrossEntropy
7,157.0,0.6211031175059951,1e-05,256,100,sepsis_cases_1,Bell,CrossEntropy
8,157.0,0.6282973621103117,1e-05,256,100,sepsis_cases_1,Bell,CrossEntropy
9,154.0,0.6209150326797386,1e-05,256,100,sepsis_cases_1,Bell,CrossEntropy
10,152.0,0.6194029850746269,1e-05,256,100,sepsis_cases_1,Bell,CrossEntropy
11,141.0,0.6174999999999999,1e-05,256,100,sepsis_cases_1,Bell,CrossEntropy
12,129.0,0.632919254658385,1e-05,256,100,sepsis_cases_1,Bell,CrossEntropy
13,109.0,0.6888888888888889,1e-05,256,100,sepsis_cases_1,Bell,CrossEntropy
14,90.0,0.6981707317073171,1e-05,256,100,sepsis_cases_1,Bell,CrossEntropy
15,78.0,0.7035714285714286,1e-05,256,100,sepsis_cases_1,Bell,CrossEntropy
16,60.0,0.6080246913580247,1e-05,256,100,sepsis_cases_1,Bell,CrossEntropy
17,49.0,0.5681818181818182,1e-05,256,100,sepsis_cases_1,Bell,CrossEntropy
18,38.0,0.3055555555555555,1e-05,256,100,sepsis_cases_1,Bell,CrossEntropy
19,36.0,0.3088235294117647,1e-05,256,100,sepsis_cases_1,Bell,CrossEntropy
20,32.0,0.3333333333333333,1e-05,256,100,sepsis_cases_1,Bell,CrossEntropy
21,28.0,0.3076923076923077,1e-05,256,100,sepsis_cases_1,Bell,CrossEntropy
22,24.0,0.3181818181818182,1e-05,256,100,sepsis_cases_1,Bell,CrossEntropy
23,21.0,0.3421052631578947,1e-05,256,100,sepsis_cases_1,Bell,CrossEntropy
24,19.0,0.3823529411764706,1e-05,256,100,sepsis_cases_1,Bell,CrossEntropy
25,17.0,0.4,1e-05,256,100,sepsis_cases_1,Bell,CrossEntropy
26,16.0,0.4285714285714285,1e-05,256,100,sepsis_cases_1,Bell,CrossEntropy
27,16.0,0.4285714285714285,1e-05,256,100,sepsis_cases_1,Bell,CrossEntropy
28,15.0,0.3846153846153846,1e-05,256,100,sepsis_cases_1,Bell,CrossEntropy
29,13.0,0.4545454545454546,1e-05,256,100,sepsis_cases_1,Bell,CrossEntropy
1,157.0,0.5567545963229417,1e-05,256,100,sepsis_cases_1,DSigmoid,CrossEntropy
2,157.0,0.5895283772981614,1e-05,256,100,sepsis_cases_1,DSigmoid,CrossEntropy
3,157.0,0.5623501199040767,1e-05,256,100,sepsis_cases_1,DSigmoid,CrossEntropy
4,157.0,0.5575539568345323,1e-05,256,100,sepsis_cases_1,DSigmoid,CrossEntropy
5,157.0,0.549560351718625,1e-05,256,100,sepsis_cases_1,DSigmoid,CrossEntropy
6,157.0,0.5499600319744204,1e-05,256,100,sepsis_cases_1,DSigmoid,CrossEntropy
7,157.0,0.5963229416466826,1e-05,256,100,sepsis_cases_1,DSigmoid,CrossEntropy
8,157.0,0.5959232613908872,1e-05,256,100,sepsis_cases_1,DSigmoid,CrossEntropy
9,154.0,0.5931372549019608,1e-05,256,100,sepsis_cases_1,DSigmoid,CrossEntropy
10,152.0,0.5924543946932007,1e-05,256,100,sepsis_cases_1,DSigmoid,CrossEntropy
11,141.0,0.5805,1e-05,256,100,sepsis_cases_1,DSigmoid,CrossEntropy
12,129.0,0.5975155279503105,1e-05,256,100,sepsis_cases_1,DSigmoid,CrossEntropy
13,109.0,0.6303030303030304,1e-05,256,100,sepsis_cases_1,DSigmoid,CrossEntropy
14,90.0,0.6890243902439025,1e-05,256,100,sepsis_cases_1,DSigmoid,CrossEntropy
15,78.0,0.6982142857142858,1e-05,256,100,sepsis_cases_1,DSigmoid,CrossEntropy
16,60.0,0.5617283950617284,1e-05,256,100,sepsis_cases_1,DSigmoid,CrossEntropy
17,49.0,0.5136363636363637,1e-05,256,100,sepsis_cases_1,DSigmoid,CrossEntropy
18,38.0,0.2777777777777778,1e-05,256,100,sepsis_cases_1,DSigmoid,CrossEntropy
19,36.0,0.2941176470588235,1e-05,256,100,sepsis_cases_1,DSigmoid,CrossEntropy
20,32.0,0.2666666666666667,1e-05,256,100,sepsis_cases_1,DSigmoid,CrossEntropy
21,28.0,0.2307692307692307,1e-05,256,100,sepsis_cases_1,DSigmoid,CrossEntropy
22,24.0,0.2272727272727273,1e-05,256,100,sepsis_cases_1,DSigmoid,CrossEntropy
23,21.0,0.2631578947368421,1e-05,256,100,sepsis_cases_1,DSigmoid,CrossEntropy
24,19.0,0.2941176470588235,1e-05,256,100,sepsis_cases_1,DSigmoid,CrossEntropy
25,17.0,0.2333333333333333,1e-05,256,100,sepsis_cases_1,DSigmoid,CrossEntropy
26,16.0,0.25,1e-05,256,100,sepsis_cases_1,DSigmoid,CrossEntropy
27,16.0,0.2857142857142857,1e-05,256,100,sepsis_cases_1,DSigmoid,CrossEntropy
28,15.0,0.2307692307692307,1e-05,256,100,sepsis_cases_1,DSigmoid,CrossEntropy
29,13.0,0.2272727272727273,1e-05,256,100,sepsis_cases_1,DSigmoid,CrossEntropy
1,157.0,0.5855315747402078,8.878741925407075e-05,256,100,sepsis_cases_1,Bell,CrossEntropy
2,157.0,0.6394884092725819,8.878741925407075e-05,256,100,sepsis_cases_1,Bell,CrossEntropy
3,157.0,0.6187050359712231,8.878741925407075e-05,256,100,sepsis_cases_1,Bell,CrossEntropy
4,157.0,0.6183053557154277,8.878741925407075e-05,256,100,sepsis_cases_1,Bell,CrossEntropy
5,157.0,0.6199040767386091,8.878741925407075e-05,256,100,sepsis_cases_1,Bell,CrossEntropy
6,157.0,0.6171063149480416,8.878741925407075e-05,256,100,sepsis_cases_1,Bell,CrossEntropy
7,157.0,0.6474820143884892,8.878741925407075e-05,256,100,sepsis_cases_1,Bell,CrossEntropy
8,157.0,0.641886490807354,8.878741925407075e-05,256,100,sepsis_cases_1,Bell,CrossEntropy
9,154.0,0.6303104575163399,8.878741925407075e-05,256,100,sepsis_cases_1,Bell,CrossEntropy
10,152.0,0.6256218905472637,8.878741925407075e-05,256,100,sepsis_cases_1,Bell,CrossEntropy
11,141.0,0.629,8.878741925407075e-05,256,100,sepsis_cases_1,Bell,CrossEntropy
12,129.0,0.6403726708074533,8.878741925407075e-05,256,100,sepsis_cases_1,Bell,CrossEntropy
13,109.0,0.701010101010101,8.878741925407075e-05,256,100,sepsis_cases_1,Bell,CrossEntropy
14,90.0,0.7576219512195123,8.878741925407075e-05,256,100,sepsis_cases_1,Bell,CrossEntropy
15,78.0,0.7696428571428571,8.878741925407075e-05,256,100,sepsis_cases_1,Bell,CrossEntropy
16,60.0,0.7006172839506173,8.878741925407075e-05,256,100,sepsis_cases_1,Bell,CrossEntropy
17,49.0,0.6636363636363636,8.878741925407075e-05,256,100,sepsis_cases_1,Bell,CrossEntropy
18,38.0,0.3055555555555556,8.878741925407075e-05,256,100,sepsis_cases_1,Bell,CrossEntropy
19,36.0,0.3235294117647059,8.878741925407075e-05,256,100,sepsis_cases_1,Bell,CrossEntropy
20,32.0,0.3166666666666666,8.878741925407075e-05,256,100,sepsis_cases_1,Bell,CrossEntropy
21,28.0,0.3076923076923076,8.878741925407075e-05,256,100,sepsis_cases_1,Bell,CrossEntropy
22,24.0,0.3181818181818182,8.878741925407075e-05,256,100,sepsis_cases_1,Bell,CrossEntropy
23,21.0,0.2894736842105263,8.878741925407075e-05,256,100,sepsis_cases_1,Bell,CrossEntropy
24,19.0,0.2941176470588235,8.878741925407075e-05,256,100,sepsis_cases_1,Bell,CrossEntropy
25,17.0,0.2666666666666666,8.878741925407075e-05,256,100,sepsis_cases_1,Bell,CrossEntropy
26,16.0,0.2857142857142857,8.878741925407075e-05,256,100,sepsis_cases_1,Bell,CrossEntropy
27,16.0,0.3214285714285714,8.878741925407075e-05,256,100,sepsis_cases_1,Bell,CrossEntropy
28,15.0,0.2692307692307692,8.878741925407075e-05,256,100,sepsis_cases_1,Bell,CrossEntropy
29,13.0,0.2272727272727273,8.878741925407075e-05,256,100,sepsis_cases_1,Bell,CrossEntropy
1,157.0,0.6083133493205436,8.878741925407075e-05,256,100,sepsis_cases_1,DSigmoid,CrossEntropy
2,157.0,0.6278976818545164,8.878741925407075e-05,256,100,sepsis_cases_1,DSigmoid,CrossEntropy
3,157.0,0.6035171862509991,8.878741925407075e-05,256,100,sepsis_cases_1,DSigmoid,CrossEntropy
4,157.0,0.6003197442046363,8.878741925407075e-05,256,100,sepsis_cases_1,DSigmoid,CrossEntropy
5,157.0,0.5949240607513989,8.878741925407075e-05,256,100,sepsis_cases_1,DSigmoid,CrossEntropy
6,157.0,0.595523581135092,8.878741925407075e-05,256,100,sepsis_cases_1,DSigmoid,CrossEntropy
7,157.0,0.6486810551558753,8.878741925407075e-05,256,100,sepsis_cases_1,DSigmoid,CrossEntropy
8,157.0,0.6454836131095124,8.878741925407075e-05,256,100,sepsis_cases_1,DSigmoid,CrossEntropy
9,154.0,0.6397058823529412,8.878741925407075e-05,256,100,sepsis_cases_1,DSigmoid,CrossEntropy
10,152.0,0.6388888888888888,8.878741925407075e-05,256,100,sepsis_cases_1,DSigmoid,CrossEntropy
11,141.0,0.6295000000000001,8.878741925407075e-05,256,100,sepsis_cases_1,DSigmoid,CrossEntropy
12,129.0,0.6863354037267081,8.878741925407075e-05,256,100,sepsis_cases_1,DSigmoid,CrossEntropy
13,109.0,0.7525252525252526,8.878741925407075e-05,256,100,sepsis_cases_1,DSigmoid,CrossEntropy
14,90.0,0.7606707317073171,8.878741925407075e-05,256,100,sepsis_cases_1,DSigmoid,CrossEntropy
15,78.0,0.7642857142857143,8.878741925407075e-05,256,100,sepsis_cases_1,DSigmoid,CrossEntropy
16,60.0,0.6728395061728395,8.878741925407075e-05,256,100,sepsis_cases_1,DSigmoid,CrossEntropy
17,49.0,0.6636363636363637,8.878741925407075e-05,256,100,sepsis_cases_1,DSigmoid,CrossEntropy
18,38.0,0.5833333333333333,8.878741925407075e-05,256,100,sepsis_cases_1,DSigmoid,CrossEntropy
19,36.0,0.6176470588235294,8.878741925407075e-05,256,100,sepsis_cases_1,DSigmoid,CrossEntropy
20,32.0,0.6333333333333333,8.878741925407075e-05,256,100,sepsis_cases_1,DSigmoid,CrossEntropy
21,28.0,0.596153846153846,8.878741925407075e-05,256,100,sepsis_cases_1,DSigmoid,CrossEntropy
22,24.0,0.5681818181818181,8.878741925407075e-05,256,100,sepsis_cases_1,DSigmoid,CrossEntropy
23,21.0,0.5526315789473685,8.878741925407075e-05,256,100,sepsis_cases_1,DSigmoid,CrossEntropy
24,19.0,0.5882352941176471,8.878741925407075e-05,256,100,sepsis_cases_1,DSigmoid,CrossEntropy
25,17.0,0.5333333333333333,8.878741925407075e-05,256,100,sepsis_cases_1,DSigmoid,CrossEntropy
26,16.0,0.5714285714285714,8.878741925407075e-05,256,100,sepsis_cases_1,DSigmoid,CrossEntropy
27,16.0,0.5714285714285714,8.878741925407075e-05,256,100,sepsis_cases_1,DSigmoid,CrossEntropy
28,15.0,0.5384615384615384,8.878741925407075e-05,256,100,sepsis_cases_1,DSigmoid,CrossEntropy
29,13.0,0.5454545454545454,8.878741925407075e-05,256,100,sepsis_cases_1,DSigmoid,CrossEntropy
1,157.0,0.6063149480415667,8.878741925407075e-05,256,100,sepsis_cases_1,Gauss,CrossEntropy
2,157.0,0.6266986410871302,8.878741925407075e-05,256,100,sepsis_cases_1,Gauss,CrossEntropy
3,157.0,0.6159072741806555,8.878741925407075e-05,256,100,sepsis_cases_1,Gauss,CrossEntropy
4,157.0,0.6031175059952038,8.878741925407075e-05,256,100,sepsis_cases_1,Gauss,CrossEntropy
5,157.0,0.6091127098321344,8.878741925407075e-05,256,100,sepsis_cases_1,Gauss,CrossEntropy
6,157.0,0.6063149480415667,8.878741925407075e-05,256,100,sepsis_cases_1,Gauss,CrossEntropy
7,157.0,0.6386890487609912,8.878741925407075e-05,256,100,sepsis_cases_1,Gauss,CrossEntropy
8,157.0,0.6390887290167866,8.878741925407075e-05,256,100,sepsis_cases_1,Gauss,CrossEntropy
9,154.0,0.6356209150326797,8.878741925407075e-05,256,100,sepsis_cases_1,Gauss,CrossEntropy
10,152.0,0.6314262023217246,8.878741925407075e-05,256,100,sepsis_cases_1,Gauss,CrossEntropy
11,141.0,0.643,8.878741925407075e-05,256,100,sepsis_cases_1,Gauss,CrossEntropy
12,129.0,0.639751552795031,8.878741925407075e-05,256,100,sepsis_cases_1,Gauss,CrossEntropy
13,109.0,0.6868686868686869,8.878741925407075e-05,256,100,sepsis_cases_1,Gauss,CrossEntropy
14,90.0,0.6996951219512196,8.878741925407075e-05,256,100,sepsis_cases_1,Gauss,CrossEntropy
15,78.0,0.6982142857142857,8.878741925407075e-05,256,100,sepsis_cases_1,Gauss,CrossEntropy
16,60.0,0.6049382716049383,8.878741925407075e-05,256,100,sepsis_cases_1,Gauss,CrossEntropy
17,49.0,0.5772727272727273,8.878741925407075e-05,256,100,sepsis_cases_1,Gauss,CrossEntropy
18,38.0,0.1666666666666666,8.878741925407075e-05,256,100,sepsis_cases_1,Gauss,CrossEntropy
19,36.0,0.1764705882352941,8.878741925407075e-05,256,100,sepsis_cases_1,Gauss,CrossEntropy
20,32.0,0.1666666666666666,8.878741925407075e-05,256,100,sepsis_cases_1,Gauss,CrossEntropy
21,28.0,0.1346153846153845,8.878741925407075e-05,256,100,sepsis_cases_1,Gauss,CrossEntropy
22,24.0,0.159090909090909,8.878741925407075e-05,256,100,sepsis_cases_1,Gauss,CrossEntropy
23,21.0,0.1842105263157895,8.878741925407075e-05,256,100,sepsis_cases_1,Gauss,CrossEntropy
24,19.0,0.2058823529411764,8.878741925407075e-05,256,100,sepsis_cases_1,Gauss,CrossEntropy
25,17.0,0.2,8.878741925407075e-05,256,100,sepsis_cases_1,Gauss,CrossEntropy
26,16.0,0.2142857142857142,8.878741925407075e-05,256,100,sepsis_cases_1,Gauss,CrossEntropy
27,16.0,0.2142857142857142,8.878741925407075e-05,256,100,sepsis_cases_1,Gauss,CrossEntropy
28,15.0,0.1923076923076923,8.878741925407075e-05,256,100,sepsis_cases_1,Gauss,CrossEntropy
29,13.0,0.1363636363636363,8.878741925407075e-05,256,100,sepsis_cases_1,Gauss,CrossEntropy
1,157.0,0.5971223021582734,8.878741925407075e-05,256,10,sepsis_cases_1,Gauss,CrossEntropy
2,157.0,0.6223021582733812,8.878741925407075e-05,256,10,sepsis_cases_1,Gauss,CrossEntropy
3,157.0,0.605515587529976,8.878741925407075e-05,256,10,sepsis_cases_1,Gauss,CrossEntropy
4,157.0,0.6007194244604316,8.878741925407075e-05,256,10,sepsis_cases_1,Gauss,CrossEntropy
5,157.0,0.6083133493205436,8.878741925407075e-05,256,10,sepsis_cases_1,Gauss,CrossEntropy
6,157.0,0.6031175059952039,8.878741925407075e-05,256,10,sepsis_cases_1,Gauss,CrossEntropy
7,157.0,0.6402877697841727,8.878741925407075e-05,256,10,sepsis_cases_1,Gauss,CrossEntropy
8,157.0,0.641886490807354,8.878741925407075e-05,256,10,sepsis_cases_1,Gauss,CrossEntropy
9,154.0,0.6405228758169935,8.878741925407075e-05,256,10,sepsis_cases_1,Gauss,CrossEntropy
10,152.0,0.6380597014925373,8.878741925407075e-05,256,10,sepsis_cases_1,Gauss,CrossEntropy
11,141.0,0.6335,8.878741925407075e-05,256,10,sepsis_cases_1,Gauss,CrossEntropy
12,129.0,0.6413043478260869,8.878741925407075e-05,256,10,sepsis_cases_1,Gauss,CrossEntropy
13,109.0,0.694949494949495,8.878741925407075e-05,256,10,sepsis_cases_1,Gauss,CrossEntropy
14,90.0,0.7240853658536586,8.878741925407075e-05,256,10,sepsis_cases_1,Gauss,CrossEntropy
15,78.0,0.7285714285714285,8.878741925407075e-05,256,10,sepsis_cases_1,Gauss,CrossEntropy
16,60.0,0.6419753086419753,8.878741925407075e-05,256,10,sepsis_cases_1,Gauss,CrossEntropy
17,49.0,0.5909090909090908,8.878741925407075e-05,256,10,sepsis_cases_1,Gauss,CrossEntropy
18,38.0,0.2777777777777778,8.878741925407075e-05,256,10,sepsis_cases_1,Gauss,CrossEntropy
19,36.0,0.2794117647058823,8.878741925407075e-05,256,10,sepsis_cases_1,Gauss,CrossEntropy
20,32.0,0.2833333333333334,8.878741925407075e-05,256,10,sepsis_cases_1,Gauss,CrossEntropy
21,28.0,0.2692307692307693,8.878741925407075e-05,256,10,sepsis_cases_1,Gauss,CrossEntropy
22,24.0,0.2727272727272727,8.878741925407075e-05,256,10,sepsis_cases_1,Gauss,CrossEntropy
23,21.0,0.3157894736842105,8.878741925407075e-05,256,10,sepsis_cases_1,Gauss,CrossEntropy
24,19.0,0.3529411764705882,8.878741925407075e-05,256,10,sepsis_cases_1,Gauss,CrossEntropy
25,17.0,0.2666666666666667,8.878741925407075e-05,256,10,sepsis_cases_1,Gauss,CrossEntropy
26,16.0,0.2857142857142857,8.878741925407075e-05,256,10,sepsis_cases_1,Gauss,CrossEntropy
27,16.0,0.3571428571428571,8.878741925407075e-05,256,10,sepsis_cases_1,Gauss,CrossEntropy
28,15.0,0.3076923076923076,8.878741925407075e-05,256,10,sepsis_cases_1,Gauss,CrossEntropy
29,13.0,0.2727272727272727,8.878741925407075e-05,256,10,sepsis_cases_1,Gauss,CrossEntropy
1,157.0,0.5907274180655475,8.878741925407075e-05,256,25,sepsis_cases_1,Gauss,CrossEntropy
2,157.0,0.6139088729016786,8.878741925407075e-05,256,25,sepsis_cases_1,Gauss,CrossEntropy
3,157.0,0.6019184652278178,8.878741925407075e-05,256,25,sepsis_cases_1,Gauss,CrossEntropy
4,157.0,0.5979216626698641,8.878741925407075e-05,256,25,sepsis_cases_1,Gauss,CrossEntropy
5,157.0,0.6011191047162271,8.878741925407075e-05,256,25,sepsis_cases_1,Gauss,CrossEntropy
6,157.0,0.5987210231814548,8.878741925407075e-05,256,25,sepsis_cases_1,Gauss,CrossEntropy
7,157.0,0.6358912869704236,8.878741925407075e-05,256,25,sepsis_cases_1,Gauss,CrossEntropy
8,157.0,0.6414868105515588,8.878741925407075e-05,256,25,sepsis_cases_1,Gauss,CrossEntropy
9,154.0,0.6368464052287582,8.878741925407075e-05,256,25,sepsis_cases_1,Gauss,CrossEntropy
10,152.0,0.6326699834162521,8.878741925407075e-05,256,25,sepsis_cases_1,Gauss,CrossEntropy
11,141.0,0.632,8.878741925407075e-05,256,25,sepsis_cases_1,Gauss,CrossEntropy
12,129.0,0.6372670807453417,8.878741925407075e-05,256,25,sepsis_cases_1,Gauss,CrossEntropy
13,109.0,0.6909090909090909,8.878741925407075e-05,256,25,sepsis_cases_1,Gauss,CrossEntropy
14,90.0,0.7134146341463414,8.878741925407075e-05,256,25,sepsis_cases_1,Gauss,CrossEntropy
15,78.0,0.7125,8.878741925407075e-05,256,25,sepsis_cases_1,Gauss,CrossEntropy
16,60.0,0.6080246913580247,8.878741925407075e-05,256,25,sepsis_cases_1,Gauss,CrossEntropy
17,49.0,0.5590909090909091,8.878741925407075e-05,256,25,sepsis_cases_1,Gauss,CrossEntropy
18,38.0,0.25,8.878741925407075e-05,256,25,sepsis_cases_1,Gauss,CrossEntropy
19,36.0,0.25,8.878741925407075e-05,256,25,sepsis_cases_1,Gauss,CrossEntropy
20,32.0,0.2666666666666666,8.878741925407075e-05,256,25,sepsis_cases_1,Gauss,CrossEntropy
21,28.0,0.25,8.878741925407075e-05,256,25,sepsis_cases_1,Gauss,CrossEntropy
22,24.0,0.25,8.878741925407075e-05,256,25,sepsis_cases_1,Gauss,CrossEntropy
23,21.0,0.3157894736842105,8.878741925407075e-05,256,25,sepsis_cases_1,Gauss,CrossEntropy
24,19.0,0.3529411764705882,8.878741925407075e-05,256,25,sepsis_cases_1,Gauss,CrossEntropy
25,17.0,0.2666666666666667,8.878741925407075e-05,256,25,sepsis_cases_1,Gauss,CrossEntropy
26,16.0,0.2857142857142857,8.878741925407075e-05,256,25,sepsis_cases_1,Gauss,CrossEntropy
27,16.0,0.2857142857142857,8.878741925407075e-05,256,25,sepsis_cases_1,Gauss,CrossEntropy
28,15.0,0.2307692307692307,8.878741925407075e-05,256,25,sepsis_cases_1,Gauss,CrossEntropy
29,13.0,0.1818181818181817,8.878741925407075e-05,256,25,sepsis_cases_1,Gauss,CrossEntropy
1,157.0,0.5855315747402079,8.878741925407075e-05,256,50,sepsis_cases_1,Gauss,CrossEntropy
2,157.0,0.6127098321342925,8.878741925407075e-05,256,50,sepsis_cases_1,Gauss,CrossEntropy
3,157.0,0.5995203836930456,8.878741925407075e-05,256,50,sepsis_cases_1,Gauss,CrossEntropy
4,157.0,0.5943245403677059,8.878741925407075e-05,256,50,sepsis_cases_1,Gauss,CrossEntropy
5,157.0,0.5995203836930456,8.878741925407075e-05,256,50,sepsis_cases_1,Gauss,CrossEntropy
6,157.0,0.6023181454836131,8.878741925407075e-05,256,50,sepsis_cases_1,Gauss,CrossEntropy
7,157.0,0.6338928856914469,8.878741925407075e-05,256,50,sepsis_cases_1,Gauss,CrossEntropy
8,157.0,0.636290967226219,8.878741925407075e-05,256,50,sepsis_cases_1,Gauss,CrossEntropy
9,154.0,0.6327614379084967,8.878741925407075e-05,256,50,sepsis_cases_1,Gauss,CrossEntropy
10,152.0,0.6297678275290215,8.878741925407075e-05,256,50,sepsis_cases_1,Gauss,CrossEntropy
11,141.0,0.6365000000000001,8.878741925407075e-05,256,50,sepsis_cases_1,Gauss,CrossEntropy
12,129.0,0.6372670807453417,8.878741925407075e-05,256,50,sepsis_cases_1,Gauss,CrossEntropy
13,109.0,0.6868686868686869,8.878741925407075e-05,256,50,sepsis_cases_1,Gauss,CrossEntropy
14,90.0,0.6981707317073171,8.878741925407075e-05,256,50,sepsis_cases_1,Gauss,CrossEntropy
15,78.0,0.7017857142857143,8.878741925407075e-05,256,50,sepsis_cases_1,Gauss,CrossEntropy
16,60.0,0.6018518518518519,8.878741925407075e-05,256,50,sepsis_cases_1,Gauss,CrossEntropy
17,49.0,0.5545454545454546,8.878741925407075e-05,256,50,sepsis_cases_1,Gauss,CrossEntropy
18,38.0,0.1805555555555555,8.878741925407075e-05,256,50,sepsis_cases_1,Gauss,CrossEntropy
19,36.0,0.1911764705882352,8.878741925407075e-05,256,50,sepsis_cases_1,Gauss,CrossEntropy
20,32.0,0.2,8.878741925407075e-05,256,50,sepsis_cases_1,Gauss,CrossEntropy
21,28.0,0.173076923076923,8.878741925407075e-05,256,50,sepsis_cases_1,Gauss,CrossEntropy
22,24.0,0.1818181818181818,8.878741925407075e-05,256,50,sepsis_cases_1,Gauss,CrossEntropy
23,21.0,0.2105263157894736,8.878741925407075e-05,256,50,sepsis_cases_1,Gauss,CrossEntropy
24,19.0,0.2352941176470588,8.878741925407075e-05,256,50,sepsis_cases_1,Gauss,CrossEntropy
25,17.0,0.2,8.878741925407075e-05,256,50,sepsis_cases_1,Gauss,CrossEntropy
26,16.0,0.2142857142857143,8.878741925407075e-05,256,50,sepsis_cases_1,Gauss,CrossEntropy
27,16.0,0.2857142857142857,8.878741925407075e-05,256,50,sepsis_cases_1,Gauss,CrossEntropy
28,15.0,0.2307692307692307,8.878741925407075e-05,256,50,sepsis_cases_1,Gauss,CrossEntropy
29,13.0,0.1818181818181817,8.878741925407075e-05,256,50,sepsis_cases_1,Gauss,CrossEntropy
1,157.0,0.6402877697841727,8.878741925407075e-05,512,100,sepsis_cases_1,Gauss,CrossEntropy
2,157.0,0.6506794564348521,8.878741925407075e-05,512,100,sepsis_cases_1,Gauss,CrossEntropy
3,157.0,0.6430855315747402,8.878741925407075e-05,512,100,sepsis_cases_1,Gauss,CrossEntropy
4,157.0,0.6215027977617906,8.878741925407075e-05,512,100,sepsis_cases_1,Gauss,CrossEntropy
5,157.0,0.6258992805755396,8.878741925407075e-05,512,100,sepsis_cases_1,Gauss,CrossEntropy
6,157.0,0.6282973621103118,8.878741925407075e-05,512,100,sepsis_cases_1,Gauss,CrossEntropy
7,157.0,0.6586730615507593,8.878741925407075e-05,512,100,sepsis_cases_1,Gauss,CrossEntropy
8,157.0,0.6602717825739408,8.878741925407075e-05,512,100,sepsis_cases_1,Gauss,CrossEntropy
9,154.0,0.6552287581699346,8.878741925407075e-05,512,100,sepsis_cases_1,Gauss,CrossEntropy
10,152.0,0.6500829187396352,8.878741925407075e-05,512,100,sepsis_cases_1,Gauss,CrossEntropy
11,141.0,0.6654999999999999,8.878741925407075e-05,512,100,sepsis_cases_1,Gauss,CrossEntropy
12,129.0,0.6614906832298136,8.878741925407075e-05,512,100,sepsis_cases_1,Gauss,CrossEntropy
13,109.0,0.6989898989898989,8.878741925407075e-05,512,100,sepsis_cases_1,Gauss,CrossEntropy
14,90.0,0.6996951219512195,8.878741925407075e-05,512,100,sepsis_cases_1,Gauss,CrossEntropy
15,78.0,0.6982142857142858,8.878741925407075e-05,512,100,sepsis_cases_1,Gauss,CrossEntropy
16,60.0,0.6172839506172839,8.878741925407075e-05,512,100,sepsis_cases_1,Gauss,CrossEntropy
17,49.0,0.5818181818181819,8.878741925407075e-05,512,100,sepsis_cases_1,Gauss,CrossEntropy
18,38.0,0.1527777777777778,8.878741925407075e-05,512,100,sepsis_cases_1,Gauss,CrossEntropy
19,36.0,0.1617647058823529,8.878741925407075e-05,512,100,sepsis_cases_1,Gauss,CrossEntropy
20,32.0,0.1499999999999999,8.878741925407075e-05,512,100,sepsis_cases_1,Gauss,CrossEntropy
21,28.0,0.1346153846153845,8.878741925407075e-05,512,100,sepsis_cases_1,Gauss,CrossEntropy
22,24.0,0.159090909090909,8.878741925407075e-05,512,100,sepsis_cases_1,Gauss,CrossEntropy
23,21.0,0.1842105263157895,8.878741925407075e-05,512,100,sepsis_cases_1,Gauss,CrossEntropy
24,19.0,0.2058823529411764,8.878741925407075e-05,512,100,sepsis_cases_1,Gauss,CrossEntropy
25,17.0,0.2,8.878741925407075e-05,512,100,sepsis_cases_1,Gauss,CrossEntropy
26,16.0,0.2142857142857142,8.878741925407075e-05,512,100,sepsis_cases_1,Gauss,CrossEntropy
27,16.0,0.2142857142857142,8.878741925407075e-05,512,100,sepsis_cases_1,Gauss,CrossEntropy
28,15.0,0.1923076923076923,8.878741925407075e-05,512,100,sepsis_cases_1,Gauss,CrossEntropy
29,13.0,0.1363636363636363,8.878741925407075e-05,512,100,sepsis_cases_1,Gauss,CrossEntropy
